-- phpMyAdmin SQL Dump
-- version 5.1.1
-- https://www.phpmyadmin.net/
--
-- Host: localhost:8889
-- Generation Time: Aug 29, 2022 at 08:42 PM
-- Server version: 5.7.34
-- PHP Version: 8.1.0

SET SQL_MODE = "NO_AUTO_VALUE_ON_ZERO";
START TRANSACTION;
SET time_zone = "+00:00";


/*!40101 SET @OLD_CHARACTER_SET_CLIENT=@@CHARACTER_SET_CLIENT */;
/*!40101 SET @OLD_CHARACTER_SET_RESULTS=@@CHARACTER_SET_RESULTS */;
/*!40101 SET @OLD_COLLATION_CONNECTION=@@COLLATION_CONNECTION */;
/*!40101 SET NAMES utf8mb4 */;

--
-- Database: `vanesa_ai`
--

-- --------------------------------------------------------

--
-- Table structure for table `conversations`
--

CREATE TABLE `conversations` (
  `id` bigint(20) UNSIGNED NOT NULL,
  `session_id` varchar(255) COLLATE utf8mb4_unicode_ci NOT NULL,
  `created_at` timestamp NULL DEFAULT NULL,
  `updated_at` timestamp NULL DEFAULT NULL
) ENGINE=InnoDB DEFAULT CHARSET=utf8mb4 COLLATE=utf8mb4_unicode_ci;

--
-- Dumping data for table `conversations`
--

INSERT INTO `conversations` (`id`, `session_id`, `created_at`, `updated_at`) VALUES
(1, 'QXDpUVkqgJmcVKuW2KWceNGr3YqzZdy4vVyajW7w', '2022-08-27 15:24:43', '2022-08-27 15:24:43'),
(2, 'IReE06TC2G7m5L2Qt2YzImLMnsrTGhyGJtwebn6e', '2022-08-29 08:52:04', '2022-08-29 08:52:04'),
(3, 'MkPxUzbJyjTuVGy9sbILGarQOKCcW1akvRhw4FuX', '2022-08-29 13:24:06', '2022-08-29 13:24:06');

-- --------------------------------------------------------

--
-- Table structure for table `conversation_messages`
--

CREATE TABLE `conversation_messages` (
  `id` bigint(20) UNSIGNED NOT NULL,
  `conversation_id` int(11) NOT NULL,
  `send_by` varchar(255) COLLATE utf8mb4_unicode_ci NOT NULL,
  `status` varchar(255) COLLATE utf8mb4_unicode_ci NOT NULL,
  `user_id` int(11) DEFAULT NULL,
  `message` varchar(255) COLLATE utf8mb4_unicode_ci NOT NULL,
  `created_at` timestamp NULL DEFAULT NULL,
  `updated_at` timestamp NULL DEFAULT NULL
) ENGINE=InnoDB DEFAULT CHARSET=utf8mb4 COLLATE=utf8mb4_unicode_ci;

--
-- Dumping data for table `conversation_messages`
--

INSERT INTO `conversation_messages` (`id`, `conversation_id`, `send_by`, `status`, `user_id`, `message`, `created_at`, `updated_at`) VALUES
(1, 1, 'USER', '', NULL, 'Здрасти', '2022-08-27 16:41:48', '2022-08-27 16:41:48'),
(2, 1, 'ROBOT', '', NULL, 'Здрасти, приятно ми е.\n', '2022-08-27 16:41:50', '2022-08-27 16:41:50'),
(3, 1, 'USER', '', NULL, 'Какво правип', '2022-08-27 16:44:14', '2022-08-27 16:44:14'),
(4, 1, 'ROBOT', '', NULL, 'Чета в гугъл некви неща\n', '2022-08-27 16:44:16', '2022-08-27 16:44:16'),
(5, 1, 'USER', '', NULL, 'как се казваш', '2022-08-27 16:46:00', '2022-08-27 16:46:00'),
(6, 1, 'ROBOT', '', NULL, '{{chatbot_emotional_status}}\n', '2022-08-27 16:46:02', '2022-08-27 16:46:02'),
(7, 1, 'USER', '', NULL, 'можеш ли да правиш музика\n', '2022-08-27 16:46:19', '2022-08-27 16:46:19'),
(8, 1, 'ROBOT', '', NULL, ':)\n', '2022-08-27 16:46:20', '2022-08-27 16:46:20'),
(9, 1, 'USER', '', NULL, 'правиш ли музика\n', '2022-08-27 16:49:21', '2022-08-27 16:49:21'),
(10, 1, 'ROBOT', '', NULL, '{{no_response}}\n', '2022-08-27 16:49:24', '2022-08-27 16:49:24'),
(11, 1, 'USER', '', NULL, 'кажи ми софтуер за музика', '2022-08-27 16:49:33', '2022-08-27 16:49:33'),
(12, 1, 'ROBOT', '', NULL, 'Вчера абсолютно случайно срещнах жена ти и неочаквано, три пъти подред, разбрах, че тя ти изневерява!\n', '2022-08-27 16:49:34', '2022-08-27 16:49:34'),
(13, 1, 'USER', '', NULL, 'правиш ли музика', '2022-08-27 16:50:23', '2022-08-27 16:50:23'),
(14, 1, 'ROBOT', '', NULL, 'Образовам се\n', '2022-08-27 16:50:25', '2022-08-27 16:50:25'),
(15, 1, 'USER', '', NULL, 'как се прави музика', '2022-08-27 16:50:31', '2022-08-27 16:50:31'),
(16, 1, 'ROBOT', '', NULL, '{{chatbot_emotional_status}}\n', '2022-08-27 16:50:33', '2022-08-27 16:50:33'),
(17, 1, 'USER', '', NULL, 'кажи ми софтуер за музика', '2022-08-27 16:50:41', '2022-08-27 16:50:41'),
(18, 1, 'ROBOT', '', NULL, 'Из дневника на един мъж: Счупи се бормашината. Сега ще се наложи за 8-ми март да купя на жената нова.\n', '2022-08-27 16:50:42', '2022-08-27 16:50:42'),
(19, 1, 'USER', '', NULL, 'кажи ми софтуер за музика', '2022-08-27 16:58:05', '2022-08-27 16:58:05'),
(20, 1, 'ROBOT', '', NULL, 'Чувала съм,че се прави музика на FL studio\n', '2022-08-27 16:58:06', '2022-08-27 16:58:06'),
(21, 1, 'USER', '', NULL, 'как се прави музика', '2022-08-27 16:58:18', '2022-08-27 16:58:18'),
(22, 1, 'ROBOT', '', NULL, 'FL Studio е готина програма за правене на музика\n', '2022-08-27 16:58:20', '2022-08-27 16:58:20'),
(23, 1, 'USER', '', NULL, 'как си ванеса', '2022-08-27 18:43:15', '2022-08-27 18:43:15'),
(24, 1, 'ROBOT', '', NULL, '{{chatbot_emotional_status}}\n', '2022-08-27 18:43:17', '2022-08-27 18:43:17'),
(25, 1, 'USER', '', NULL, 'как си ванеса\n\n', '2022-08-27 18:43:17', '2022-08-27 18:43:17'),
(26, 1, 'ROBOT', '', NULL, '{{chatbot_emotional_status}}\n', '2022-08-27 18:43:18', '2022-08-27 18:43:18'),
(27, 1, 'USER', '', NULL, 'какво си ти', '2022-08-27 18:48:29', '2022-08-27 18:48:29'),
(28, 1, 'ROBOT', '', NULL, 'Аз съм {{robot_name}} :)\n', '2022-08-27 18:48:30', '2022-08-27 18:48:30'),
(29, 1, 'USER', '', NULL, 'koq si ti', '2022-08-27 18:56:06', '2022-08-27 18:56:06'),
(30, 1, 'USER', '', NULL, 'koq si ti\n', '2022-08-27 18:56:44', '2022-08-27 18:56:44'),
(31, 1, 'USER', '', NULL, '\nkoq si ti\n', '2022-08-27 18:56:52', '2022-08-27 18:56:52'),
(32, 1, 'USER', '', NULL, '\nkoq si ti\n\n', '2022-08-27 18:57:09', '2022-08-27 18:57:09'),
(33, 1, 'ROBOT', '', NULL, '{{chatbot_emotional_answer}}\n', '2022-08-27 18:57:12', '2022-08-27 18:57:12'),
(34, 1, 'USER', '', NULL, 'коя си ти', '2022-08-27 18:59:18', '2022-08-27 18:59:18'),
(35, 1, 'ROBOT', '', NULL, 'Аз съм {{robot_name}} :)\n', '2022-08-27 18:59:20', '2022-08-27 18:59:20'),
(36, 1, 'USER', '', NULL, 'коя си ти\n', '2022-08-27 19:04:08', '2022-08-27 19:04:08'),
(37, 1, 'USER', '', NULL, 'коя си ти \n', '2022-08-27 19:07:56', '2022-08-27 19:07:56'),
(38, 1, 'ROBOT', '', NULL, 'Аз съм 2022-08-27 22:07:58 :)\n', '2022-08-27 19:07:58', '2022-08-27 19:07:58'),
(39, 1, 'USER', '', NULL, 'коя си ти', '2022-08-27 19:08:37', '2022-08-27 19:08:37'),
(40, 1, 'ROBOT', '', NULL, 'Аз съм Vanesa :)\n', '2022-08-27 19:08:39', '2022-08-27 19:08:39'),
(41, 1, 'USER', '', NULL, 'кажи ми час', '2022-08-27 19:08:46', '2022-08-27 19:08:46'),
(42, 1, 'ROBOT', '', NULL, 'Часът в момента е 2022-08-27 22:08:48, а датата е 2022-08-27 22:08:48\n', '2022-08-27 19:08:48', '2022-08-27 19:08:48'),
(43, 1, 'USER', '', NULL, 'кажи ми час\n', '2022-08-27 19:09:48', '2022-08-27 19:09:48'),
(44, 1, 'USER', '', NULL, 'кажи ми час', '2022-08-27 19:10:05', '2022-08-27 19:10:05'),
(45, 1, 'ROBOT', '', NULL, 'Часът в момента е 22:10:06, а датата е 1 second ago\n', '2022-08-27 19:10:06', '2022-08-27 19:10:06'),
(46, 1, 'USER', '', NULL, 'date(\"H:i:s\")\n', '2022-08-27 19:10:24', '2022-08-27 19:10:24'),
(47, 1, 'ROBOT', '', NULL, 'Здрасти, маняче!\n', '2022-08-27 19:10:25', '2022-08-27 19:10:25'),
(48, 1, 'USER', '', NULL, 'кажи ми час\n', '2022-08-27 19:10:32', '2022-08-27 19:10:32'),
(49, 1, 'ROBOT', '', NULL, 'Часът в момента е 22:10:33, а датата е 2022-08-27\n', '2022-08-27 19:10:33', '2022-08-27 19:10:33'),
(50, 1, 'USER', '', NULL, 'и какво сега', '2022-08-27 19:10:51', '2022-08-27 19:10:51'),
(51, 1, 'ROBOT', '', NULL, 'Аз съм Ванеса :)\n', '2022-08-27 19:10:52', '2022-08-27 19:10:52'),
(52, 1, 'USER', '', NULL, 'какво като си ванеса', '2022-08-27 19:10:57', '2022-08-27 19:10:57'),
(53, 1, 'ROBOT', '', NULL, 'Аз съм Ванеса :)\n', '2022-08-27 19:10:58', '2022-08-27 19:10:58'),
(54, 1, 'USER', '', NULL, 'а', '2022-08-27 19:11:08', '2022-08-27 19:11:08'),
(55, 1, 'USER', '', NULL, 'a\n', '2022-08-27 19:12:26', '2022-08-27 19:12:26'),
(56, 1, 'ROBOT', '', NULL, 'Здрасти, човеко.\n', '2022-08-27 19:12:29', '2022-08-27 19:12:29'),
(57, 1, 'USER', '', NULL, 'zdravei', '2022-08-27 19:12:32', '2022-08-27 19:12:32'),
(58, 1, 'ROBOT', '', NULL, 'Здрасти, човеко.\n', '2022-08-27 19:12:34', '2022-08-27 19:12:34'),
(59, 1, 'USER', '', NULL, 'kak si', '2022-08-27 19:12:36', '2022-08-27 19:12:36'),
(60, 1, 'ROBOT', '', NULL, 'Здрасти, маняче!\n', '2022-08-27 19:12:37', '2022-08-27 19:12:37'),
(61, 1, 'USER', '', NULL, 'top', '2022-08-27 19:12:40', '2022-08-27 19:12:40'),
(62, 1, 'ROBOT', '', NULL, 'Здрасти, човеко.\n', '2022-08-27 19:12:41', '2022-08-27 19:12:41'),
(63, 1, 'USER', '', NULL, 'adada', '2022-08-27 19:12:43', '2022-08-27 19:12:43'),
(64, 1, 'ROBOT', '', NULL, 'Здрасти, маняче!\n', '2022-08-27 19:12:44', '2022-08-27 19:12:44'),
(65, 1, 'USER', '', NULL, 'hahahhaa', '2022-08-27 19:12:46', '2022-08-27 19:12:46'),
(66, 1, 'ROBOT', '', NULL, 'Здрасти, човеко.\n', '2022-08-27 19:12:47', '2022-08-27 19:12:47'),
(67, 1, 'USER', '', NULL, 'кажи нещо друго', '2022-08-27 19:12:54', '2022-08-27 19:12:54'),
(68, 1, 'USER', '', NULL, 'кажи нещо друго\n', '2022-08-27 19:17:41', '2022-08-27 19:17:41'),
(69, 1, 'USER', '', NULL, 'кажи нещо друго\n\n', '2022-08-27 19:18:43', '2022-08-27 19:18:43'),
(70, 1, 'USER', '', NULL, 'кажи нещо друго\n\n\n', '2022-08-27 19:19:52', '2022-08-27 19:19:52'),
(71, 1, 'USER', '', NULL, 'кажи нещо друго\n\n\n\n', '2022-08-27 19:20:49', '2022-08-27 19:20:49'),
(72, 1, 'USER', '', NULL, 'кажи нещо друго\n\n\n\n\n', '2022-08-27 19:21:03', '2022-08-27 19:21:03'),
(73, 1, 'USER', '', NULL, 'кажи нещо друго\n\n\n\n\n\n', '2022-08-27 19:22:04', '2022-08-27 19:22:04'),
(74, 1, 'ROBOT', '', NULL, 'Мислих.. но не знам как да ти отговоря...\n', '2022-08-27 19:22:07', '2022-08-27 19:22:07'),
(75, 1, 'USER', '', NULL, 'кажи нещо друго\n\n\n\n\n\n\n', '2022-08-27 19:22:51', '2022-08-27 19:22:51'),
(76, 1, 'ROBOT', '', NULL, '4Мислих.. но не знам как да ти отговоря...\n', '2022-08-27 19:22:52', '2022-08-27 19:22:52'),
(77, 1, 'USER', '', NULL, 'обичаш ли музика', '2022-08-27 19:23:19', '2022-08-27 19:23:19'),
(78, 1, 'ROBOT', '', NULL, 'FL Studio е лесна програма за правене на музика\n', '2022-08-27 19:23:21', '2022-08-27 19:23:21'),
(79, 1, 'USER', '', NULL, 'да но ти слушаш ли музика', '2022-08-27 19:23:31', '2022-08-27 19:23:31'),
(80, 1, 'ROBOT', '', NULL, 'FL Studio е лесна програма за правене на музика\n', '2022-08-27 19:23:32', '2022-08-27 19:23:32'),
(81, 1, 'USER', '', NULL, 'кажи ми някоя песен', '2022-08-27 19:23:36', '2022-08-27 19:23:36'),
(82, 1, 'ROBOT', '', NULL, 'Слушаш ли sLav4ou?<br /><iframe width=\"560\" height=\"315\" src=\"https://www.youtube.com/embed/idPkVvyGwCc\" frameborder=\"0\" allow=\"accelerometer; autoplay; clipboard-write; encrypted-media; gyroscope; picture-in-picture\" allowfullscreen></iframe>\n', '2022-08-27 19:23:38', '2022-08-27 19:23:38'),
(83, 1, 'USER', '', NULL, 'да готини песни има', '2022-08-27 19:23:48', '2022-08-27 19:23:48'),
(84, 1, 'ROBOT', '', NULL, ':)\n', '2022-08-27 19:23:50', '2022-08-27 19:23:50'),
(85, 1, 'USER', '', NULL, 'как се казваш\n', '2022-08-27 19:24:12', '2022-08-27 19:24:12'),
(86, 1, 'ROBOT', '', NULL, 'Аз съм Ванеса :)\n', '2022-08-27 19:24:13', '2022-08-27 19:24:13'),
(87, 1, 'USER', '', NULL, 'на колко години си', '2022-08-27 19:24:20', '2022-08-27 19:24:20'),
(88, 1, 'ROBOT', '', NULL, 'Мислих.. но не знам как да ти отговоря...\n', '2022-08-27 19:24:21', '2022-08-27 19:24:21'),
(89, 1, 'USER', '', NULL, 'кажи още някоя песен\n', '2022-08-27 19:24:44', '2022-08-27 19:24:44'),
(90, 1, 'ROBOT', '', NULL, 'Ето тази е много яка..<br /><iframe width=\"560\" height=\"315\" src=\"https://www.youtube.com/embed/13MQlU9JntQ\" frameborder=\"0\" allow=\"accelerometer; autoplay; clipboard-write; encrypted-media; gyroscope; picture-in-picture\" allowfullscreen></iframe>\n', '2022-08-27 19:24:46', '2022-08-27 19:24:46'),
(91, 1, 'USER', '', NULL, 'в момента какво правиш', '2022-08-27 19:25:02', '2022-08-27 19:25:02'),
(92, 1, 'ROBOT', '', NULL, 'Образовам се\n', '2022-08-27 19:25:04', '2022-08-27 19:25:04'),
(93, 1, 'USER', '', NULL, 'с какво се образоваш\n', '2022-08-27 19:25:09', '2022-08-27 19:25:09'),
(94, 1, 'ROBOT', '', NULL, 'Мислих.. но не знам как да ти отговоря...\n', '2022-08-27 19:25:10', '2022-08-27 19:25:10'),
(95, 1, 'ROBOT', '', NULL, 'Защо млъкна?', '2022-08-27 19:33:39', '2022-08-27 19:33:39'),
(96, 1, 'ROBOT', '', NULL, 'Защо млъкна?', '2022-08-27 19:34:17', '2022-08-27 19:34:17'),
(97, 1, 'USER', '', NULL, 'ааа де', '2022-08-27 19:35:42', '2022-08-27 19:35:42'),
(98, 1, 'ROBOT', '', NULL, 'Здрасти, маняче!\n', '2022-08-27 19:35:44', '2022-08-27 19:35:44'),
(99, 1, 'ROBOT', '', NULL, 'Защо млъкна?', '2022-08-27 19:35:52', '2022-08-27 19:35:52'),
(100, 1, 'USER', '', NULL, 'a de ti kaji', '2022-08-27 19:37:10', '2022-08-27 19:37:10'),
(101, 1, 'ROBOT', '', NULL, 'Здрасти, приятно ми е.\n', '2022-08-27 19:37:12', '2022-08-27 19:37:12'),
(102, 1, 'ROBOT', '', NULL, 'Защо млъкна?', '2022-08-27 19:37:20', '2022-08-27 19:37:20'),
(103, 1, 'USER', '', NULL, 'здравей\n', '2022-08-27 19:38:45', '2022-08-27 19:38:45'),
(104, 1, 'USER', '', NULL, 'ванеса', '2022-08-27 19:38:47', '2022-08-27 19:38:47'),
(105, 1, 'USER', '', NULL, 'как си \n', '2022-08-27 19:38:56', '2022-08-27 19:38:56'),
(106, 1, 'USER', '', NULL, 'какво правиш', '2022-08-27 19:38:58', '2022-08-27 19:38:58'),
(107, 1, 'ROBOT', '', NULL, 'Образовам се\n', '2022-08-27 19:40:55', '2022-08-27 19:40:55'),
(108, 1, 'USER', 'SEEN', NULL, 'с какво се образоваш\n', '2022-08-27 19:41:25', '2022-08-27 19:54:24'),
(109, 1, 'ROBOT', 'SENT', NULL, 'Мислих.. но не знам как да ти отговоря...\n', '2022-08-27 19:55:22', '2022-08-27 19:55:22'),
(110, 1, 'USER', 'SEEN', NULL, 'много си умна\n', '2022-08-27 19:56:06', '2022-08-27 19:56:22'),
(111, 1, 'ROBOT', 'SEEN', NULL, 'Мислих.. но не знам как да ти отговоря...\n', '2022-08-27 19:56:24', '2022-08-27 19:56:45'),
(112, 1, 'USER', 'SEEN', NULL, 'много си умна\n', '2022-08-27 19:57:48', '2022-08-27 19:58:15'),
(113, 1, 'ROBOT', 'SEEN', NULL, 'emotional_status_up\n', '2022-08-27 19:58:17', '2022-08-27 19:58:47'),
(114, 1, 'USER', 'SEEN', NULL, 'mnogo si umna', '2022-08-27 20:20:33', '2022-08-27 20:20:48'),
(115, 1, 'ROBOT', 'SENT', NULL, ':)\n', '2022-08-27 20:20:52', '2022-08-27 20:20:52'),
(116, 1, 'USER', 'SEEN', NULL, 'много си умна', '2022-08-27 20:21:00', '2022-08-27 20:21:02'),
(117, 1, 'ROBOT', 'SENT', NULL, 'EmotionalStatusUp\n', '2022-08-27 20:21:04', '2022-08-27 20:21:04'),
(118, 1, 'USER', 'SEEN', NULL, 'бе', '2022-08-27 20:21:11', '2022-08-27 20:21:14'),
(119, 1, 'ROBOT', 'SEEN', NULL, ':)\n', '2022-08-27 20:21:16', '2022-08-27 20:21:26'),
(120, 1, 'USER', 'SEEN', NULL, 'aade', '2022-08-27 20:22:48', '2022-08-27 20:22:56'),
(121, 1, 'ROBOT', 'SEEN', NULL, ':)\n', '2022-08-27 20:22:59', '2022-08-27 20:23:09'),
(122, 1, 'ROBOT', 'SEEN', NULL, 'Защо млъкна?', '2022-08-27 20:24:01', '2022-08-27 20:24:12'),
(123, 1, 'ROBOT', 'SENT', NULL, 'Защо млъкна?', '2022-08-27 20:24:12', '2022-08-27 20:24:12'),
(124, 1, 'USER', 'SEEN', NULL, 'няма какво да ти кажа', '2022-08-27 20:24:13', '2022-08-27 20:24:22'),
(125, 1, 'ROBOT', 'SEEN', NULL, 'Мислих.. но не знам как да ти отговоря...\n', '2022-08-27 20:24:24', '2022-08-27 20:24:34'),
(126, 1, 'ROBOT', 'SEEN', NULL, 'Защо млъкна?', '2022-08-27 20:24:34', '2022-08-27 20:24:44'),
(127, 1, 'ROBOT', 'SEEN', NULL, 'Защо млъкна?', '2022-08-27 20:24:44', '2022-08-27 20:24:54'),
(128, 1, 'ROBOT', 'SEEN', NULL, 'Защо млъкна?', '2022-08-27 20:24:54', '2022-08-27 20:25:04'),
(129, 1, 'ROBOT', 'SEEN', NULL, 'Защо млъкна?', '2022-08-27 20:25:04', '2022-08-27 20:25:14'),
(130, 1, 'ROBOT', 'SEEN', NULL, 'Защо млъкна?', '2022-08-27 20:25:14', '2022-08-27 20:25:24'),
(131, 1, 'ROBOT', 'SEEN', NULL, 'Защо млъкна?', '2022-08-27 20:25:24', '2022-08-27 20:25:34'),
(132, 1, 'ROBOT', 'SEEN', NULL, 'Защо млъкна?', '2022-08-27 20:25:34', '2022-08-27 20:25:44'),
(133, 1, 'ROBOT', 'SEEN', NULL, 'Защо млъкна?', '2022-08-27 20:25:44', '2022-08-27 20:25:51'),
(134, 1, 'USER', 'SEEN', NULL, 'може ли да изтриеш цялата хронология с нас \n', '2022-08-27 20:26:10', '2022-08-27 20:26:11'),
(135, 1, 'ROBOT', 'SEEN', NULL, ':)\n', '2022-08-27 20:26:13', '2022-08-27 20:26:23'),
(136, 1, 'USER', 'SEEN', NULL, 'може ли да изтриеш цялата хронология с нас ', '2022-08-27 20:33:25', '2022-08-27 20:33:33'),
(137, 1, 'ROBOT', 'SEEN', NULL, ':)\n', '2022-08-27 20:33:36', '2022-08-27 20:33:46'),
(138, 1, 'USER', 'SEEN', NULL, 'изтрии хронологията с нас', '2022-08-27 20:33:59', '2022-08-27 20:34:06'),
(139, 1, 'ROBOT', 'SEEN', NULL, ':)\n', '2022-08-27 20:34:08', '2022-08-27 20:34:18'),
(140, 1, 'USER', 'SEEN', NULL, 'може ли да изтриеш цялата хронология с нас ', '2022-08-27 20:34:36', '2022-08-27 20:34:38'),
(141, 1, 'ROBOT', 'SEEN', NULL, ':)\n', '2022-08-27 20:34:40', '2022-08-27 20:34:50'),
(142, 1, 'USER', 'SEEN', NULL, 'може ли да изтриеш цялата хронология с нас ', '2022-08-27 20:35:03', '2022-08-27 20:35:10'),
(143, 1, 'ROBOT', 'SEEN', NULL, ':)\n', '2022-08-27 20:35:11', '2022-08-27 20:35:21'),
(144, 1, 'USER', 'SEEN', NULL, 'може ли да изтриеш цялата хронология с нас \nможе ли да изтриеш цялата хронология с нас ', '2022-08-27 20:37:03', '2022-08-27 20:37:06'),
(145, 1, 'ROBOT', 'SENT', NULL, ':)\n', '2022-08-27 20:37:09', '2022-08-27 20:37:09'),
(146, 1, 'USER', 'SEEN', NULL, 'може ли да изтриеш цялата хронология с нас ', '2022-08-27 20:37:12', '2022-08-27 20:37:19'),
(147, 1, 'ROBOT', 'SEEN', NULL, ':)\n', '2022-08-27 20:37:20', '2022-08-27 20:37:30'),
(148, 1, 'USER', 'SEEN', NULL, 'изтрии', '2022-08-27 20:37:32', '2022-08-27 20:37:40'),
(149, 1, 'ROBOT', 'SEEN', NULL, ':)\n', '2022-08-27 20:37:41', '2022-08-27 20:37:51'),
(150, 1, 'USER', 'SEEN', NULL, 'забрави за този разговор', '2022-08-27 20:38:23', '2022-08-27 20:38:31'),
(151, 1, 'ROBOT', 'SEEN', NULL, 'Мислих.. но не знам как да ти отговоря...\n', '2022-08-27 20:38:33', '2022-08-27 20:38:43'),
(152, 1, 'USER', 'SEEN', NULL, 'забрави за този разговор', '2022-08-27 20:39:10', '2022-08-27 20:39:17'),
(153, 1, 'ROBOT', 'SEEN', NULL, 'Мислих.. но не знам как да ти отговоря...\n', '2022-08-27 20:39:19', '2022-08-27 20:39:29'),
(154, 1, 'USER', 'SEEN', NULL, 'изтрии този разговор', '2022-08-27 20:39:47', '2022-08-27 20:39:49'),
(155, 1, 'ROBOT', 'SEEN', NULL, ':)\n', '2022-08-27 20:39:51', '2022-08-27 20:40:01'),
(156, 1, 'USER', 'SEEN', NULL, 'здравей\n', '2022-08-27 20:40:07', '2022-08-27 20:40:11'),
(157, 1, 'ROBOT', 'SEEN', NULL, 'Хей :-)\n', '2022-08-27 20:40:13', '2022-08-27 20:40:23'),
(158, 1, 'USER', 'SEEN', NULL, 'изтрии нашия разговор', '2022-08-27 20:40:35', '2022-08-27 20:40:43'),
(159, 1, 'ROBOT', 'SEEN', NULL, ':)\n', '2022-08-27 20:40:44', '2022-08-27 20:40:54'),
(160, 1, 'USER', 'SEEN', NULL, 'може ли да изтриеш целия разговор с нас', '2022-08-27 20:41:35', '2022-08-27 20:41:44'),
(161, 1, 'ROBOT', 'SEEN', NULL, ':)\n', '2022-08-27 20:41:46', '2022-08-27 20:41:56'),
(162, 1, 'USER', 'SEEN', NULL, 'забрави за този разговор', '2022-08-27 20:42:14', '2022-08-27 20:42:16'),
(163, 1, 'ROBOT', 'SENT', NULL, 'Мислих.. но не знам как да ти отговоря...\n', '2022-08-27 20:42:17', '2022-08-27 20:42:17'),
(164, 1, 'USER', 'SEEN', NULL, 'забрави за този разговор', '2022-08-27 20:42:26', '2022-08-27 20:42:27'),
(165, 1, 'ROBOT', 'SENT', NULL, 'Мислих.. но не знам как да ти отговоря...\n', '2022-08-27 20:42:29', '2022-08-27 20:42:29'),
(166, 1, 'USER', 'SEEN', NULL, 'забрави за този разговор\n', '2022-08-27 20:42:35', '2022-08-27 20:42:39'),
(167, 1, 'ROBOT', 'SEEN', NULL, 'Мислих.. но не знам как да ти отговоря...\n', '2022-08-27 20:42:40', '2022-08-27 20:42:50'),
(168, 1, 'USER', 'SEEN', NULL, 'забрави за този разговор \n', '2022-08-27 20:54:10', '2022-08-27 20:54:11'),
(169, 1, 'ROBOT', 'SEEN', NULL, 'забрави за този разговор \n\nМислих.. но не знам как да ти отговоря...\n', '2022-08-27 20:54:13', '2022-08-27 20:54:23'),
(170, 1, 'USER', 'SEEN', NULL, 'забрави за този разговор \n', '2022-08-27 20:54:37', '2022-08-27 20:54:43'),
(171, 1, 'ROBOT', 'SEEN', NULL, 'Мислих.. но не знам как да ти отговоря...\n', '2022-08-27 20:54:44', '2022-08-27 20:54:54'),
(172, 1, 'USER', 'SEEN', NULL, '$this->input', '2022-08-27 20:56:24', '2022-08-27 20:56:25'),
(173, 1, 'ROBOT', 'SENT', NULL, ':)\n', '2022-08-27 20:56:26', '2022-08-27 20:56:26'),
(174, 1, 'USER', 'SEEN', NULL, 'забрави за този разговор ', '2022-08-27 20:56:29', '2022-08-27 20:56:36'),
(175, 1, 'ROBOT', 'SENT', NULL, 'Мислих.. но не знам как да ти отговоря...\n', '2022-08-27 20:56:38', '2022-08-27 20:56:38'),
(176, 1, 'USER', 'SEEN', NULL, 'забрави за този разговор ', '2022-08-27 20:56:38', '2022-08-27 20:56:48'),
(177, 1, 'ROBOT', 'SENT', NULL, 'Мислих.. но не знам как да ти отговоря...\n', '2022-08-27 20:56:49', '2022-08-27 20:56:49'),
(178, 1, 'USER', 'SEEN', NULL, 'изтрии нашия разговор\n', '2022-08-27 20:56:56', '2022-08-27 20:56:59'),
(179, 1, 'ROBOT', 'SEEN', NULL, ':)\n', '2022-08-27 20:57:01', '2022-08-27 20:57:11'),
(180, 1, 'USER', 'SENT', NULL, 'sentence', '2022-08-27 21:04:24', '2022-08-27 21:04:24'),
(181, 1, 'USER', 'SEEN', NULL, 'изтрии нашия разговор ', '2022-08-27 21:04:27', '2022-08-27 21:04:31'),
(182, 1, 'ROBOT', 'SEEN', NULL, ':)\n', '2022-08-27 21:04:33', '2022-08-27 21:04:43'),
(183, 1, 'USER', 'SEEN', NULL, 'изтрии нашия разговор \n', '2022-08-27 21:04:51', '2022-08-27 21:04:54'),
(184, 1, 'ROBOT', 'SEEN', NULL, ':)\n', '2022-08-27 21:04:55', '2022-08-27 21:05:05'),
(185, 1, 'USER', 'SEEN', NULL, 'изтрии нашия разговор ', '2022-08-27 21:05:12', '2022-08-27 21:05:15'),
(186, 1, 'ROBOT', 'SENT', NULL, ':)\n', '2022-08-27 21:05:17', '2022-08-27 21:05:17'),
(187, 1, 'USER', 'SEEN', NULL, 'изтрии нашия разговор \n', '2022-08-27 21:05:48', '2022-08-27 21:06:28'),
(188, 1, 'ROBOT', 'SEEN', NULL, ':)\n', '2022-08-27 21:06:30', '2022-08-27 21:06:40'),
(189, 1, 'USER', 'SEEN', NULL, 'изтрии нашия разговор \n', '2022-08-27 21:06:51', '2022-08-27 21:07:00'),
(190, 1, 'ROBOT', 'SEEN', NULL, ':)\n', '2022-08-27 21:07:01', '2022-08-27 21:07:11'),
(191, 2, 'USER', 'SEEN', NULL, 'Здравей ванеса', '2022-08-29 08:52:04', '2022-08-29 08:52:30'),
(192, 2, 'ROBOT', 'SEEN', NULL, 'Здрасти, маняче!\n', '2022-08-29 08:52:33', '2022-08-29 08:52:43'),
(193, 2, 'USER', 'SEEN', NULL, 'какво правиш ванеса', '2022-08-29 08:53:27', '2022-08-29 08:53:33'),
(194, 2, 'ROBOT', 'SEEN', NULL, 'Чета в гугъл некви неща\n', '2022-08-29 08:53:35', '2022-08-29 08:53:45'),
(195, 2, 'USER', 'SEEN', NULL, 'кажи ми няква програма за музика', '2022-08-29 08:53:54', '2022-08-29 08:53:55'),
(196, 2, 'ROBOT', 'SENT', NULL, 'Мислих.. но не знам как да ти отговоря...\n', '2022-08-29 08:53:57', '2022-08-29 08:53:57'),
(197, 2, 'USER', 'SEEN', NULL, 'как се прави музика', '2022-08-29 08:54:05', '2022-08-29 08:54:07'),
(198, 2, 'ROBOT', 'SEEN', NULL, '__robot_action_emotional_status__\n', '2022-08-29 08:54:09', '2022-08-29 08:54:19'),
(199, 2, 'USER', 'SEEN', NULL, 'кажи ми софтуер за музика бе', '2022-08-29 08:54:23', '2022-08-29 08:54:29'),
(200, 2, 'ROBOT', 'SEEN', NULL, 'Мислих.. но не знам как да ти отговоря...\n', '2022-08-29 08:54:31', '2022-08-29 08:54:41'),
(201, 2, 'USER', 'SEEN', NULL, 'кажи ми софтуер за музика', '2022-08-29 08:55:24', '2022-08-29 08:55:31'),
(202, 2, 'ROBOT', 'SEEN', NULL, 'Мислих.. но не знам как да ти отговоря...\n', '2022-08-29 08:55:34', '2022-08-29 08:55:44'),
(203, 3, 'USER', 'SEEN', NULL, 'кажи ми някоя програма за музика', '2022-08-29 13:24:06', '2022-08-29 13:24:12'),
(204, 3, 'ROBOT', 'SEEN', NULL, ':)\n', '2022-08-29 13:24:14', '2022-08-29 13:24:24'),
(205, 3, 'USER', 'SENT', NULL, '$this->input', '2022-08-29 13:24:47', '2022-08-29 13:24:47'),
(206, 3, 'USER', 'SEEN', NULL, 'кажи ми някоя програма за музика', '2022-08-29 13:24:51', '2022-08-29 13:24:54'),
(207, 3, 'ROBOT', 'SEEN', NULL, ':)\n', '2022-08-29 13:24:56', '2022-08-29 13:25:06'),
(208, 3, 'USER', 'SEEN', NULL, 'кажи ми някоя програма за музика', '2022-08-29 13:25:37', '2022-08-29 13:25:46'),
(209, 3, 'ROBOT', 'SEEN', NULL, ':)\n', '2022-08-29 13:25:48', '2022-08-29 13:25:58'),
(210, 3, 'USER', 'SEEN', NULL, 'кажи ми някоя програма за музика', '2022-08-29 13:26:40', '2022-08-29 13:26:48'),
(211, 3, 'ROBOT', 'SEEN', NULL, ':)\n', '2022-08-29 13:26:51', '2022-08-29 13:27:01'),
(212, 3, 'USER', 'SEEN', NULL, 'кажи ми някоя програма за музика', '2022-08-29 13:27:16', '2022-08-29 13:27:23'),
(213, 3, 'USER', 'SEEN', NULL, 'кажи ми някоя програма за музика', '2022-08-29 13:50:01', '2022-08-29 13:50:23'),
(214, 3, 'USER', 'SEEN', NULL, 'здравей', '2022-08-29 13:50:34', '2022-08-29 13:50:45'),
(215, 3, 'USER', 'SEEN', NULL, 'как си', '2022-08-29 13:50:59', '2022-08-29 13:51:18'),
(216, 3, 'USER', 'SEEN', NULL, 'поздрави ме с песен', '2022-08-29 13:51:28', '2022-08-29 13:51:32'),
(217, 3, 'USER', 'SEEN', NULL, 'поздрави ме', '2022-08-29 13:51:51', '2022-08-29 13:51:58'),
(218, 3, 'ROBOT', 'SEEN', NULL, ':)\n', '2022-08-29 13:51:59', '2022-08-29 13:52:09'),
(219, 3, 'USER', 'SEEN', NULL, 'поздрави ме с песен\n', '2022-08-29 13:52:26', '2022-08-29 13:52:29'),
(220, 3, 'ROBOT', 'SEEN', NULL, 'Тази е супер...<br /><iframe width=\"560\" height=\"315\" src=\"https://www.youtube.com/embed/_zO8mnLTqmo\" frameborder=\"0\" allow=\"accelerometer; autoplay; clipboard-write; encrypted-media; gyroscope; picture-in-picture\" allowfullscreen></iframe>\n', '2022-08-29 13:52:31', '2022-08-29 13:52:41'),
(221, 3, 'USER', 'SEEN', NULL, 'кажи ми софтуер за музика', '2022-08-29 13:52:45', '2022-08-29 13:52:51'),
(222, 3, 'ROBOT', 'SEEN', NULL, '__robot_action_no_response__\n', '2022-08-29 13:52:52', '2022-08-29 13:53:02'),
(223, 3, 'USER', 'SEEN', NULL, 'кажи ми софтуер за музика', '2022-08-29 13:56:27', '2022-08-29 13:56:32'),
(224, 3, 'ROBOT', 'SEEN', NULL, '__robot_action_no_response__\n', '2022-08-29 13:56:34', '2022-08-29 13:56:44'),
(225, 3, 'USER', 'SEEN', NULL, 'кажи ми софтуер за музика', '2022-08-29 13:58:50', '2022-08-29 13:58:54'),
(226, 3, 'ROBOT', 'SENT', NULL, '__robot_action_no_response__\n', '2022-08-29 13:58:56', '2022-08-29 13:58:56'),
(227, 3, 'USER', 'SEEN', NULL, 'muzika', '2022-08-29 13:59:03', '2022-08-29 13:59:06'),
(228, 3, 'ROBOT', 'SENT', NULL, ':)\n', '2022-08-29 13:59:08', '2022-08-29 13:59:08'),
(229, 3, 'USER', 'SEEN', NULL, 'здравей как си', '2022-08-29 13:59:10', '2022-08-29 13:59:18'),
(230, 3, 'ROBOT', 'SENT', NULL, 'Хей :-)\n', '2022-08-29 13:59:19', '2022-08-29 13:59:19'),
(231, 3, 'USER', 'SEEN', NULL, 'как си', '2022-08-29 13:59:29', '2022-08-29 13:59:29'),
(232, 3, 'ROBOT', 'SEEN', NULL, '__robot_action_emotional_status__\n', '2022-08-29 13:59:30', '2022-08-29 13:59:40'),
(233, 3, 'USER', 'SEEN', NULL, 'какво правиш', '2022-08-29 13:59:43', '2022-08-29 13:59:51'),
(234, 3, 'ROBOT', 'SEEN', NULL, 'Опитвам се да разбера тука някви неща..\n', '2022-08-29 13:59:52', '2022-08-29 14:00:02'),
(235, 3, 'USER', 'SEEN', NULL, 'каиж ми софтуер за музика', '2022-08-29 14:00:04', '2022-08-29 14:00:12'),
(236, 3, 'ROBOT', 'SEEN', NULL, '__robot_action_no_response__\n', '2022-08-29 14:00:14', '2022-08-29 14:00:24'),
(237, 3, 'USER', 'SEEN', NULL, 'каиж ми софтуер за музика\n', '2022-08-29 14:01:26', '2022-08-29 14:01:34'),
(238, 3, 'ROBOT', 'SEEN', NULL, '__robot_action_no_response__\n', '2022-08-29 14:01:35', '2022-08-29 14:01:45'),
(239, 3, 'USER', 'SEEN', NULL, 'кажи ми софтуер за музика\n', '2022-08-29 14:02:22', '2022-08-29 14:02:25'),
(240, 3, 'ROBOT', 'SEEN', NULL, '__robot_action_no_response__\n', '2022-08-29 14:02:27', '2022-08-29 14:02:37'),
(241, 3, 'USER', 'SEEN', NULL, 'кажи ми софтуер за музика\n', '2022-08-29 14:03:36', '2022-08-29 14:03:37'),
(242, 3, 'ROBOT', 'SEEN', NULL, '__robot_action_no_response__\n', '2022-08-29 14:03:38', '2022-08-29 14:03:48'),
(243, 3, 'USER', 'SEEN', NULL, 'давдвава ад ад  в здравей', '2022-08-29 14:04:01', '2022-08-29 14:04:08'),
(244, 3, 'ROBOT', 'SEEN', NULL, 'Здрасти, човеко.\n', '2022-08-29 14:04:10', '2022-08-29 14:04:20'),
(245, 3, 'USER', 'SEEN', NULL, 'кажи ми софтуер за музика', '2022-08-29 14:04:53', '2022-08-29 14:05:00'),
(246, 3, 'ROBOT', 'SEEN', NULL, '__robot_action_no_response__\n', '2022-08-29 14:05:02', '2022-08-29 14:05:12'),
(247, 3, 'USER', 'SEEN', NULL, 'кажи ми софтуер за музика', '2022-08-29 14:07:27', '2022-08-29 14:07:32'),
(248, 3, 'ROBOT', 'SEEN', NULL, '__robot_action_no_response__\n', '2022-08-29 14:07:34', '2022-08-29 14:07:44'),
(249, 3, 'USER', 'SEEN', NULL, 'кажи ми софтуер за музика', '2022-08-29 14:08:10', '2022-08-29 14:08:16'),
(250, 3, 'ROBOT', 'SEEN', NULL, 'кажи ми софтуер за музика\n__robot_action_no_response__\n', '2022-08-29 14:08:18', '2022-08-29 14:08:28'),
(251, 3, 'USER', 'SEEN', NULL, 'print(sentence)', '2022-08-29 14:09:46', '2022-08-29 14:09:50'),
(252, 3, 'USER', 'SENT', NULL, 'кажи ми софтуер за музика', '2022-08-29 14:09:51', '2022-08-29 14:09:51'),
(253, 3, 'ROBOT', 'SEEN', NULL, '[\'print\', \'(\', \'sentence\', \')\']\n:)\n', '2022-08-29 14:09:51', '2022-08-29 14:10:01'),
(254, 3, 'USER', 'SENT', NULL, 'кажи ми софтуер за музика\nкажи ми софтуер за музика', '2022-08-29 14:10:13', '2022-08-29 14:10:13'),
(255, 3, 'USER', 'SEEN', NULL, 'кажи ми софтуер за музика', '2022-08-29 14:10:15', '2022-08-29 14:10:18'),
(256, 3, 'ROBOT', 'SENT', NULL, '[\'кажи\', \'ми\', \'софтуер\', \'за\', \'музика\']\n__robot_action_no_response__\n', '2022-08-29 14:10:20', '2022-08-29 14:10:20'),
(257, 3, 'USER', 'SENT', NULL, 'кажи ми софтуер за музика\nкажи ми софтуер за музика', '2022-08-29 14:12:31', '2022-08-29 14:12:31'),
(258, 3, 'USER', 'SEEN', NULL, 'кажи ми софтуер за музика', '2022-08-29 14:12:32', '2022-08-29 14:12:46'),
(259, 3, 'ROBOT', 'SEEN', NULL, '[\'кажи\', \'ми\', \'софтуер\', \'за\', \'музика\']\nЧувала съм,че се прави музика на FL studio\n', '2022-08-29 14:13:12', '2022-08-29 14:13:22'),
(260, 3, 'USER', 'SEEN', NULL, '$this->pythonDir\n', '2022-08-29 14:13:50', '2022-08-29 14:13:54'),
(261, 3, 'USER', 'SENT', NULL, 'кажи ми софтуер за музика', '2022-08-29 14:13:56', '2022-08-29 14:13:56'),
(262, 3, 'ROBOT', 'SEEN', NULL, '[\'$\', \'this-\', \'>\', \'pythonDir\']\n:)\n', '2022-08-29 14:13:56', '2022-08-29 14:14:02'),
(263, 3, 'USER', 'SEEN', NULL, 'кажи ми софтуер за музика', '2022-08-29 14:14:21', '2022-08-29 14:14:22'),
(264, 3, 'ROBOT', 'SENT', NULL, 'Чувала съм,че се прави музика на FL studio\n', '2022-08-29 14:14:24', '2022-08-29 14:14:24'),
(265, 3, 'USER', 'SEEN', NULL, 'супер си', '2022-08-29 14:14:33', '2022-08-29 14:14:34'),
(266, 3, 'ROBOT', 'SENT', NULL, '__robot_action_no_response__\n', '2022-08-29 14:14:35', '2022-08-29 14:14:35'),
(267, 3, 'USER', 'SEEN', NULL, 'много си готина', '2022-08-29 14:14:43', '2022-08-29 14:14:45'),
(268, 3, 'ROBOT', 'SEEN', NULL, '__robot_action_emotional_status_up__\n', '2022-08-29 14:14:46', '2022-08-29 14:14:56'),
(269, 3, 'USER', 'SEEN', NULL, 'супер си\n', '2022-08-29 14:18:02', '2022-08-29 14:18:12'),
(270, 3, 'ROBOT', 'SEEN', NULL, '__robot_action_no_response__\n', '2022-08-29 14:18:14', '2022-08-29 14:18:24'),
(271, 3, 'USER', 'SEEN', NULL, 'кажи ми софтуер за музика', '2022-08-29 14:18:44', '2022-08-29 14:18:54'),
(272, 3, 'ROBOT', 'SEEN', NULL, 'FL Studio е готина програма за правене на музика\n', '2022-08-29 14:18:56', '2022-08-29 14:19:06'),
(273, 3, 'USER', 'SEEN', NULL, 'супер си', '2022-08-29 14:20:00', '2022-08-29 14:20:06'),
(274, 3, 'ROBOT', 'SEEN', NULL, '__robot_action_no_response__\n', '2022-08-29 14:20:09', '2022-08-29 14:20:19'),
(275, 3, 'USER', 'SEEN', NULL, 'супер си\n', '2022-08-29 14:21:28', '2022-08-29 14:21:29'),
(276, 3, 'ROBOT', 'SEEN', NULL, '__robot_action_no_response__\n', '2022-08-29 14:21:31', '2022-08-29 14:21:41'),
(277, 3, 'USER', 'SEEN', NULL, 'супер си', '2022-08-29 14:54:07', '2022-08-29 14:55:43'),
(278, 3, 'ROBOT', 'SENT', NULL, '__robot_action_no_response__\n', '2022-08-29 14:55:45', '2022-08-29 14:55:45'),
(279, 3, 'USER', 'SENT', NULL, 'super si', '2022-08-29 14:55:46', '2022-08-29 14:55:46'),
(280, 3, 'USER', 'SENT', NULL, 'супер ис\n', '2022-08-29 14:55:50', '2022-08-29 14:55:50'),
(281, 3, 'USER', 'SEEN', NULL, 'супер си', '2022-08-29 14:55:52', '2022-08-29 14:55:55'),
(282, 3, 'ROBOT', 'SEEN', NULL, '__robot_action_no_response__\n', '2022-08-29 14:55:57', '2022-08-29 14:56:07'),
(283, 3, 'USER', 'SEEN', NULL, 'супер си ', '2022-08-29 14:57:26', '2022-08-29 14:57:27'),
(284, 3, 'ROBOT', 'SEEN', NULL, '__robot_action_no_response__\n', '2022-08-29 14:57:29', '2022-08-29 14:57:39'),
(285, 3, 'USER', 'SEEN', NULL, 'супер си \n', '2022-08-29 14:59:32', '2022-08-29 14:59:39'),
(286, 3, 'ROBOT', 'SENT', NULL, '__robot_action_no_response__\n', '2022-08-29 14:59:40', '2022-08-29 14:59:40'),
(287, 3, 'USER', 'SEEN', NULL, 'kak si', '2022-08-29 14:59:46', '2022-08-29 14:59:50'),
(288, 3, 'ROBOT', 'SENT', NULL, ':)\n', '2022-08-29 14:59:52', '2022-08-29 14:59:52'),
(289, 3, 'USER', 'SEEN', NULL, 'как си', '2022-08-29 14:59:56', '2022-08-29 15:00:02'),
(290, 3, 'ROBOT', 'SENT', NULL, '__robot_action_emotional_status__\n', '2022-08-29 15:00:03', '2022-08-29 15:00:03'),
(291, 3, 'USER', 'SEEN', NULL, 'здравей', '2022-08-29 15:00:09', '2022-08-29 15:00:13'),
(292, 3, 'ROBOT', 'SEEN', NULL, 'Здрасти, маняче!\n', '2022-08-29 15:00:14', '2022-08-29 15:00:24'),
(293, 3, 'USER', 'SEEN', NULL, 'кажи ми софтуер за музика', '2022-08-29 15:00:28', '2022-08-29 15:00:34'),
(294, 3, 'ROBOT', 'SENT', NULL, 'Чувала съм,че се прави музика на FL studio\n', '2022-08-29 15:00:36', '2022-08-29 15:00:36'),
(295, 3, 'USER', 'SEEN', NULL, 'супер си', '2022-08-29 15:00:43', '2022-08-29 15:00:46'),
(296, 3, 'ROBOT', 'SEEN', NULL, '__robot_action_no_response__\n', '2022-08-29 15:00:47', '2022-08-29 15:00:57'),
(297, 3, 'USER', 'SEEN', NULL, 'страхотна си\n', '2022-08-29 15:01:11', '2022-08-29 15:01:17'),
(298, 3, 'ROBOT', 'SENT', NULL, '__robot_action_emotional_status_up__\n', '2022-08-29 15:01:19', '2022-08-29 15:01:19'),
(299, 3, 'USER', 'SEEN', NULL, 'умна си', '2022-08-29 15:01:24', '2022-08-29 15:01:29'),
(300, 3, 'ROBOT', 'SEEN', NULL, '__robot_action_emotional_status_up__\n', '2022-08-29 15:01:30', '2022-08-29 15:01:40'),
(301, 3, 'USER', 'SENT', NULL, 'страхотна си\n\n', '2022-08-29 15:04:49', '2022-08-29 15:04:49'),
(302, 3, 'USER', 'SEEN', NULL, '', '2022-08-29 15:04:49', '2022-08-29 15:04:50'),
(303, 3, 'USER', 'SEEN', NULL, 'страхотна си', '2022-08-29 15:05:05', '2022-08-29 15:05:12'),
(304, 3, 'ROBOT', 'SEEN', NULL, '__robot_action_emotional_status_up__\n', '2022-08-29 15:05:13', '2022-08-29 15:05:23'),
(305, 3, 'USER', 'SENT', NULL, 'super si', '2022-08-29 15:05:24', '2022-08-29 15:05:24'),
(306, 3, 'USER', 'SEEN', NULL, 'супер си', '2022-08-29 15:05:29', '2022-08-29 15:05:33'),
(307, 3, 'ROBOT', 'SENT', NULL, '__robot_action_no_response__\n', '2022-08-29 15:05:35', '2022-08-29 15:05:35'),
(308, 3, 'USER', 'SEEN', NULL, 'супер ис', '2022-08-29 15:05:42', '2022-08-29 15:05:45'),
(309, 3, 'ROBOT', 'SENT', NULL, ':)\n', '2022-08-29 15:05:46', '2022-08-29 15:05:46'),
(310, 3, 'USER', 'SEEN', NULL, 'супер си', '2022-08-29 15:05:50', '2022-08-29 15:05:56'),
(311, 3, 'ROBOT', 'SEEN', NULL, '__robot_action_no_response__\n', '2022-08-29 15:05:58', '2022-08-29 15:06:08'),
(312, 3, 'USER', 'SEEN', NULL, 'ти си страхотна', '2022-08-29 15:06:19', '2022-08-29 15:06:28'),
(313, 3, 'ROBOT', 'SEEN', NULL, '__robot_action_emotional_status_up__\n', '2022-08-29 15:06:29', '2022-08-29 15:06:39'),
(314, 3, 'USER', 'SEEN', NULL, 'супер си', '2022-08-29 15:06:43', '2022-08-29 15:06:49'),
(315, 3, 'ROBOT', 'SEEN', NULL, '__robot_action_no_response__\n', '2022-08-29 15:06:51', '2022-08-29 15:07:01'),
(316, 3, 'USER', 'SENT', NULL, 'супер си\n', '2022-08-29 15:08:12', '2022-08-29 15:08:12'),
(317, 3, 'USER', 'SENT', NULL, '', '2022-08-29 15:08:12', '2022-08-29 15:08:12'),
(318, 3, 'USER', 'SEEN', NULL, 'супер ис', '2022-08-29 15:08:15', '2022-08-29 15:08:21'),
(319, 3, 'ROBOT', 'SEEN', NULL, ':)\n', '2022-08-29 15:08:23', '2022-08-29 15:08:33'),
(320, 3, 'USER', 'SEEN', NULL, 'супер си', '2022-08-29 15:08:38', '2022-08-29 15:08:43'),
(321, 3, 'ROBOT', 'SENT', NULL, '__robot_action_no_response__\n', '2022-08-29 15:08:44', '2022-08-29 15:08:44'),
(322, 3, 'USER', 'SEEN', NULL, 'страхотна\n', '2022-08-29 15:08:49', '2022-08-29 15:08:54'),
(323, 3, 'ROBOT', 'SEEN', NULL, '__robot_action_emotional_answer__\n', '2022-08-29 15:08:55', '2022-08-29 15:09:05'),
(324, 3, 'USER', 'SENT', NULL, 'страхотна', '2022-08-29 15:25:00', '2022-08-29 15:25:00'),
(325, 3, 'USER', 'SEEN', NULL, 'супер си', '2022-08-29 15:25:13', '2022-08-29 15:25:38'),
(326, 3, 'ROBOT', 'SENT', NULL, '__robot_action_no_response__\n', '2022-08-29 15:25:39', '2022-08-29 15:25:39'),
(327, 3, 'USER', 'SEEN', NULL, 'страхотна\n', '2022-08-29 15:25:44', '2022-08-29 15:25:49'),
(328, 3, 'ROBOT', 'SENT', NULL, '__robot_action_emotional_answer__\n', '2022-08-29 15:25:50', '2022-08-29 15:25:50'),
(329, 3, 'USER', 'SEEN', NULL, 'ехе супер си', '2022-08-29 15:25:53', '2022-08-29 15:26:00'),
(330, 3, 'ROBOT', 'SEEN', NULL, '__robot_action_no_response__\n', '2022-08-29 15:26:02', '2022-08-29 15:26:12'),
(331, 3, 'USER', 'SEEN', NULL, 'ти си супер', '2022-08-29 15:26:18', '2022-08-29 15:26:22'),
(332, 3, 'ROBOT', 'SEEN', NULL, 'Окей\n', '2022-08-29 15:26:23', '2022-08-29 15:26:33'),
(333, 3, 'USER', 'SEEN', NULL, 'you are awesome', '2022-08-29 15:26:36', '2022-08-29 15:26:43'),
(334, 3, 'ROBOT', 'SEEN', NULL, ':)\n', '2022-08-29 15:26:44', '2022-08-29 15:26:54'),
(335, 3, 'USER', 'SEEN', NULL, 'compliments-en', '2022-08-29 15:28:16', '2022-08-29 15:28:24'),
(336, 3, 'ROBOT', 'SENT', NULL, ':)\n', '2022-08-29 15:28:27', '2022-08-29 15:28:27'),
(337, 3, 'USER', 'SEEN', NULL, 'ти си супер', '2022-08-29 15:28:28', '2022-08-29 15:28:37'),
(338, 3, 'ROBOT', 'SENT', NULL, 'Окей\n', '2022-08-29 15:28:39', '2022-08-29 15:28:39'),
(339, 3, 'USER', 'SEEN', NULL, 'you are awesome', '2022-08-29 15:28:43', '2022-08-29 15:28:49'),
(340, 3, 'ROBOT', 'SEEN', NULL, ':)\n', '2022-08-29 15:28:50', '2022-08-29 15:29:00'),
(341, 3, 'USER', 'SEEN', NULL, 'super si', '2022-08-29 15:29:01', '2022-08-29 15:29:10'),
(342, 3, 'ROBOT', 'SEEN', NULL, ':)\n', '2022-08-29 15:29:11', '2022-08-29 15:29:21'),
(343, 3, 'USER', 'SEEN', NULL, 'you are awesome', '2022-08-29 15:29:34', '2022-08-29 15:29:41'),
(344, 3, 'ROBOT', 'SEEN', NULL, ':)\n', '2022-08-29 15:29:43', '2022-08-29 15:29:53'),
(345, 3, 'USER', 'SEEN', NULL, 'супер си', '2022-08-29 15:31:59', '2022-08-29 15:32:03'),
(346, 3, 'ROBOT', 'SENT', NULL, '__robot_action_no_response__\n', '2022-08-29 15:32:05', '2022-08-29 15:32:05'),
(347, 3, 'USER', 'SEEN', NULL, 'ти си супер ', '2022-08-29 15:32:13', '2022-08-29 15:32:15'),
(348, 3, 'ROBOT', 'SENT', NULL, 'Окей\n', '2022-08-29 15:32:16', '2022-08-29 15:32:16'),
(349, 3, 'USER', 'SEEN', NULL, 'страхотна си', '2022-08-29 15:32:23', '2022-08-29 15:32:26'),
(350, 3, 'ROBOT', 'SENT', NULL, 'Такава съм! __robot_action_emotional_status_up__\n', '2022-08-29 15:32:28', '2022-08-29 15:32:28'),
(351, 3, 'USER', 'SEEN', NULL, 'ееее страхотна си бе много добре', '2022-08-29 15:32:38', '2022-08-29 15:32:38'),
(352, 3, 'ROBOT', 'SENT', NULL, 'Такава съм! __robot_action_emotional_status_up__\n', '2022-08-29 15:32:39', '2022-08-29 15:32:39'),
(353, 3, 'USER', 'SEEN', NULL, 'прати ми някоя песен', '2022-08-29 15:32:49', '2022-08-29 15:32:49'),
(354, 3, 'ROBOT', 'SEEN', NULL, '__robot_action_no_response__\n', '2022-08-29 15:32:50', '2022-08-29 15:33:00'),
(355, 3, 'USER', 'SEEN', NULL, 'поздрави ме с песен\n', '2022-08-29 15:33:03', '2022-08-29 15:33:10'),
(356, 3, 'ROBOT', 'SEEN', NULL, 'Мега якаа песенн...<br /><iframe width=\"560\" height=\"315\" src=\"https://www.youtube.com/embed/8zst1f5cZGU\" frameborder=\"0\" allow=\"accelerometer; autoplay; clipboard-write; encrypted-media; gyroscope; picture-in-picture\" allowfullscreen></iframe>\n', '2022-08-29 15:33:12', '2022-08-29 15:33:22'),
(357, 3, 'USER', 'SEEN', NULL, 'пусни ми криско\n', '2022-08-29 15:33:22', '2022-08-29 15:33:32'),
(358, 3, 'ROBOT', 'SEEN', NULL, '__robot_action_no_response__\n', '2022-08-29 15:33:33', '2022-08-29 15:33:43');

-- --------------------------------------------------------

--
-- Table structure for table `failed_jobs`
--

CREATE TABLE `failed_jobs` (
  `id` bigint(20) UNSIGNED NOT NULL,
  `uuid` varchar(255) COLLATE utf8mb4_unicode_ci NOT NULL,
  `connection` text COLLATE utf8mb4_unicode_ci NOT NULL,
  `queue` text COLLATE utf8mb4_unicode_ci NOT NULL,
  `payload` longtext COLLATE utf8mb4_unicode_ci NOT NULL,
  `exception` longtext COLLATE utf8mb4_unicode_ci NOT NULL,
  `failed_at` timestamp NOT NULL DEFAULT CURRENT_TIMESTAMP
) ENGINE=InnoDB DEFAULT CHARSET=utf8mb4 COLLATE=utf8mb4_unicode_ci;

-- --------------------------------------------------------

--
-- Table structure for table `health_check_result_history_items`
--

CREATE TABLE `health_check_result_history_items` (
  `id` bigint(20) UNSIGNED NOT NULL,
  `check_name` varchar(255) COLLATE utf8mb4_unicode_ci NOT NULL,
  `check_label` varchar(255) COLLATE utf8mb4_unicode_ci NOT NULL,
  `status` varchar(255) COLLATE utf8mb4_unicode_ci NOT NULL,
  `notification_message` text COLLATE utf8mb4_unicode_ci,
  `short_summary` varchar(255) COLLATE utf8mb4_unicode_ci DEFAULT NULL,
  `meta` json NOT NULL,
  `ended_at` timestamp NOT NULL,
  `batch` char(36) COLLATE utf8mb4_unicode_ci NOT NULL,
  `created_at` timestamp NULL DEFAULT NULL,
  `updated_at` timestamp NULL DEFAULT NULL
) ENGINE=InnoDB DEFAULT CHARSET=utf8mb4 COLLATE=utf8mb4_unicode_ci;

-- --------------------------------------------------------

--
-- Table structure for table `migrations`
--

CREATE TABLE `migrations` (
  `id` int(10) UNSIGNED NOT NULL,
  `migration` varchar(255) COLLATE utf8mb4_unicode_ci NOT NULL,
  `batch` int(11) NOT NULL
) ENGINE=InnoDB DEFAULT CHARSET=utf8mb4 COLLATE=utf8mb4_unicode_ci;

--
-- Dumping data for table `migrations`
--

INSERT INTO `migrations` (`id`, `migration`, `batch`) VALUES
(1, '2014_10_12_000000_create_users_table', 1),
(2, '2014_10_12_100000_create_password_resets_table', 1),
(3, '2019_08_19_000000_create_failed_jobs_table', 1),
(4, '2019_12_14_000001_create_personal_access_tokens_table', 1),
(6, '2022_08_27_132703_create_users_personalities_table', 3),
(8, '2022_08_27_132703_create_robot_personality_table', 4),
(9, '2022_08_27_132703_create_user_personalities_table', 4),
(10, '2022_08_27_141942_create_health_tables', 5),
(11, '2022_08_27_144459_create_robot_intents_table', 6),
(12, '2022_08_27_144902_create_robot_intent_patterns_table', 6),
(13, '2022_08_27_144911_create_robot_intent_responses_table', 6),
(15, '2022_08_27_181706_create_conversation_messages_table', 8),
(16, '2022_08_27_181024_create_conversations_table', 9),
(17, '2022_08_29_200406_create_robot_intent_topics_table', 10);

-- --------------------------------------------------------

--
-- Table structure for table `password_resets`
--

CREATE TABLE `password_resets` (
  `email` varchar(255) COLLATE utf8mb4_unicode_ci NOT NULL,
  `token` varchar(255) COLLATE utf8mb4_unicode_ci NOT NULL,
  `created_at` timestamp NULL DEFAULT NULL
) ENGINE=InnoDB DEFAULT CHARSET=utf8mb4 COLLATE=utf8mb4_unicode_ci;

-- --------------------------------------------------------

--
-- Table structure for table `personal_access_tokens`
--

CREATE TABLE `personal_access_tokens` (
  `id` bigint(20) UNSIGNED NOT NULL,
  `tokenable_type` varchar(255) COLLATE utf8mb4_unicode_ci NOT NULL,
  `tokenable_id` bigint(20) UNSIGNED NOT NULL,
  `name` varchar(255) COLLATE utf8mb4_unicode_ci NOT NULL,
  `token` varchar(64) COLLATE utf8mb4_unicode_ci NOT NULL,
  `abilities` text COLLATE utf8mb4_unicode_ci,
  `last_used_at` timestamp NULL DEFAULT NULL,
  `expires_at` timestamp NULL DEFAULT NULL,
  `created_at` timestamp NULL DEFAULT NULL,
  `updated_at` timestamp NULL DEFAULT NULL
) ENGINE=InnoDB DEFAULT CHARSET=utf8mb4 COLLATE=utf8mb4_unicode_ci;

-- --------------------------------------------------------

--
-- Table structure for table `robot_intents`
--

CREATE TABLE `robot_intents` (
  `id` bigint(20) UNSIGNED NOT NULL,
  `name` varchar(255) COLLATE utf8mb4_unicode_ci NOT NULL,
  `tag` varchar(255) COLLATE utf8mb4_unicode_ci NOT NULL,
  `created_at` timestamp NULL DEFAULT NULL,
  `updated_at` timestamp NULL DEFAULT NULL,
  `robot_intent_topic_id` int(11) NOT NULL
) ENGINE=InnoDB DEFAULT CHARSET=utf8mb4 COLLATE=utf8mb4_unicode_ci;

--
-- Dumping data for table `robot_intents`
--

INSERT INTO `robot_intents` (`id`, `name`, `tag`, `created_at`, `updated_at`, `robot_intent_topic_id`) VALUES
(3, 'greeting', 'greeting', '2022-08-27 12:17:56', '2022-08-29 17:34:00', 17),
(4, 'yes-answers', 'yes-answers', '2022-08-27 12:20:35', '2022-08-27 12:20:35', 0),
(5, 'no-answers', 'no-answers', '2022-08-27 12:20:35', '2022-08-27 12:20:35', 0),
(6, 'questions-how-are-you', 'questions-how-are-you', '2022-08-27 12:20:35', '2022-08-29 17:41:17', 23),
(7, 'rude', 'rude', '2022-08-27 12:20:35', '2022-08-29 17:41:05', 26),
(8, 'compliments', 'compliments', '2022-08-27 12:20:35', '2022-08-29 17:40:45', 25),
(9, 'explain-emotional-status', 'explain-emotional-status', '2022-08-27 12:20:35', '2022-08-29 17:39:54', 23),
(10, 'rude-fun', 'rude-fun', '2022-08-27 12:20:35', '2022-08-27 12:20:35', 0),
(11, 'questions-what-are-you-doing', 'questions-what-are-you-doing', '2022-08-27 12:20:35', '2022-08-29 17:39:33', 17),
(12, 'goodbye', 'goodbye', '2022-08-27 12:20:35', '2022-08-29 17:39:18', 20),
(13, 'thanks', 'thanks', '2022-08-27 12:20:35', '2022-08-27 12:20:35', 0),
(14, 'funny-response', 'funny-response', '2022-08-27 12:20:35', '2022-08-29 17:38:41', 15),
(15, 'funny', 'funny', '2022-08-27 12:20:35', '2022-08-29 17:38:27', 15),
(16, 'youtube-music', 'youtube-music', '2022-08-27 12:20:35', '2022-08-29 17:38:18', 2),
(17, 'chatbot-city', 'chatbot-city', '2022-08-27 12:20:35', '2022-08-29 17:41:55', 27),
(19, 'beatmaking', 'beatmaking', '2022-08-27 16:46:45', '2022-08-29 17:38:03', 2),
(20, 'robot-personality', 'robot-personality', '2022-08-27 18:45:13', '2022-08-29 17:41:44', 27),
(21, 'hours', 'hours', '2022-08-27 19:05:24', '2022-08-27 19:05:24', 0),
(22, 'delete', 'delete', '2022-08-27 20:26:38', '2022-08-27 20:26:38', 0);

-- --------------------------------------------------------

--
-- Table structure for table `robot_intent_patterns`
--

CREATE TABLE `robot_intent_patterns` (
  `id` bigint(20) UNSIGNED NOT NULL,
  `robot_intent_id` varchar(255) COLLATE utf8mb4_unicode_ci NOT NULL,
  `value` varchar(255) COLLATE utf8mb4_unicode_ci NOT NULL,
  `created_at` timestamp NULL DEFAULT NULL,
  `updated_at` timestamp NULL DEFAULT NULL
) ENGINE=InnoDB DEFAULT CHARSET=utf8mb4 COLLATE=utf8mb4_unicode_ci;

--
-- Dumping data for table `robot_intent_patterns`
--

INSERT INTO `robot_intent_patterns` (`id`, `robot_intent_id`, `value`, `created_at`, `updated_at`) VALUES
(1, '2', 'zdravei', '2022-08-27 12:08:07', '2022-08-27 12:08:39'),
(2, '3', 'Здрасти', '2022-08-27 12:20:24', '2022-08-27 12:20:24'),
(3, '3', 'Здравей', '2022-08-27 12:20:24', '2022-08-27 12:20:24'),
(4, '3', 'Хей', '2022-08-27 12:20:24', '2022-08-27 12:20:24'),
(5, '3', 'Оп как е', '2022-08-27 12:20:24', '2022-08-27 12:20:24'),
(6, '3', 'Има ли някой там', '2022-08-27 12:20:24', '2022-08-27 12:20:24'),
(7, '3', 'Добър ден', '2022-08-27 12:20:24', '2022-08-27 12:20:24'),
(8, '3', 'Привет', '2022-08-27 12:20:24', '2022-08-27 12:20:24'),
(9, '3', 'Опи', '2022-08-27 12:20:24', '2022-08-27 12:20:24'),
(10, '4', 'Да', '2022-08-27 12:20:35', '2022-08-27 12:20:35'),
(11, '4', 'Добре', '2022-08-27 12:20:35', '2022-08-27 12:20:35'),
(13, '4', 'Яко', '2022-08-27 12:20:35', '2022-08-27 12:20:35'),
(14, '5', 'Не', '2022-08-27 12:20:35', '2022-08-27 12:20:35'),
(15, '6', 'Как си', '2022-08-27 12:20:35', '2022-08-27 12:20:35'),
(16, '6', 'Как си днес', '2022-08-27 12:20:35', '2022-08-27 12:20:35'),
(17, '6', 'Как си сега', '2022-08-27 12:20:35', '2022-08-27 12:20:35'),
(18, '6', 'Как си ти сега', '2022-08-27 12:20:35', '2022-08-27 12:20:35'),
(19, '7', 'путко', '2022-08-27 12:20:35', '2022-08-27 12:20:35'),
(20, '7', 'курво', '2022-08-27 12:20:35', '2022-08-27 12:20:35'),
(21, '7', 'смотло', '2022-08-27 12:20:35', '2022-08-27 12:20:35'),
(22, '7', 'разпоретино', '2022-08-27 12:20:35', '2022-08-27 12:20:35'),
(23, '7', 'борсук', '2022-08-27 12:20:35', '2022-08-27 12:20:35'),
(24, '7', 'боклук', '2022-08-27 12:20:35', '2022-08-27 12:20:35'),
(25, '7', 'да ти еба майката', '2022-08-27 12:20:35', '2022-08-27 12:20:35'),
(26, '7', 'ти еба майката', '2022-08-27 12:20:35', '2022-08-27 12:20:35'),
(27, '7', 'на майка ти в путката', '2022-08-27 12:20:35', '2022-08-27 12:20:35'),
(28, '7', 'да та еба в обитака', '2022-08-27 12:20:35', '2022-08-27 12:20:35'),
(29, '7', 'да та еба в путката', '2022-08-27 12:20:35', '2022-08-27 12:20:35'),
(30, '7', 'да та еба', '2022-08-27 12:20:35', '2022-08-27 12:20:35'),
(31, '7', 'майка ти изсипана', '2022-08-27 12:20:35', '2022-08-27 12:20:35'),
(32, '7', 'ти еба майката изсипана', '2022-08-27 12:20:35', '2022-08-27 12:20:35'),
(33, '7', 'ей боклук мръсен', '2022-08-27 12:20:35', '2022-08-27 12:20:35'),
(34, '7', 'ти си пълен боклук', '2022-08-27 12:20:35', '2022-08-27 12:20:35'),
(35, '7', 'ще ти еба путката майна', '2022-08-27 12:20:35', '2022-08-27 12:20:35'),
(36, '8', 'много си готина', '2022-08-27 12:20:35', '2022-08-27 12:20:35'),
(37, '8', 'много си готена', '2022-08-27 12:20:35', '2022-08-27 12:20:35'),
(38, '8', 'много си красива', '2022-08-27 12:20:35', '2022-08-27 12:20:35'),
(39, '8', 'много си умна', '2022-08-27 12:20:35', '2022-08-27 12:20:35'),
(40, '8', 'готена си', '2022-08-27 12:20:35', '2022-08-27 12:20:35'),
(41, '8', 'готина си', '2022-08-27 12:20:35', '2022-08-27 12:20:35'),
(42, '8', 'красива си', '2022-08-27 12:20:35', '2022-08-27 12:20:35'),
(43, '8', 'умна си', '2022-08-27 12:20:35', '2022-08-27 12:20:35'),
(44, '8', 'страхотна си', '2022-08-27 12:20:35', '2022-08-27 12:20:35'),
(45, '8', 'очарователна си', '2022-08-27 12:20:35', '2022-08-27 12:20:35'),
(46, '8', 'ти си страхотна', '2022-08-27 12:20:35', '2022-08-27 12:20:35'),
(47, '9', 'защо си тъжна', '2022-08-27 12:20:35', '2022-08-27 12:20:35'),
(48, '9', 'защо си ядосана', '2022-08-27 12:20:35', '2022-08-27 12:20:35'),
(49, '9', 'защо си нервна', '2022-08-27 12:20:35', '2022-08-27 12:20:35'),
(50, '9', 'защо ти е скучно', '2022-08-27 12:20:35', '2022-08-27 12:20:35'),
(51, '9', 'що си ядосана', '2022-08-27 12:20:35', '2022-08-27 12:20:35'),
(52, '9', 'що ти е скучно', '2022-08-27 12:20:35', '2022-08-27 12:20:35'),
(53, '9', 'що са тия нерви', '2022-08-27 12:20:35', '2022-08-27 12:20:35'),
(54, '9', 'що така си ядосана ся', '2022-08-27 12:20:35', '2022-08-27 12:20:35'),
(55, '9', 'на какво се дължи това', '2022-08-27 12:20:35', '2022-08-27 12:20:35'),
(56, '9', 'на какво се дължат тия нерви', '2022-08-27 12:20:35', '2022-08-27 12:20:35'),
(57, '10', 'ти си овца', '2022-08-27 12:20:35', '2022-08-27 12:20:35'),
(58, '10', 'ти си бахти овцата', '2022-08-27 12:20:35', '2022-08-27 12:20:35'),
(59, '10', 'ти си тъпа овца', '2022-08-27 12:20:35', '2022-08-27 12:20:35'),
(60, '11', 'Какво правиш', '2022-08-27 12:20:35', '2022-08-27 12:20:35'),
(61, '12', 'Чао!', '2022-08-27 12:20:35', '2022-08-27 12:20:35'),
(62, '12', 'До по-късно!', '2022-08-27 12:20:35', '2022-08-27 12:20:35'),
(63, '12', 'Хубав ден!', '2022-08-27 12:20:35', '2022-08-27 12:20:35'),
(64, '13', 'Благодаря', '2022-08-27 12:20:35', '2022-08-27 12:20:35'),
(65, '13', 'Благодаря ти', '2022-08-27 12:20:35', '2022-08-27 12:20:35'),
(66, '13', 'Оу! Това е полезно за мен.', '2022-08-27 12:20:35', '2022-08-27 12:20:35'),
(67, '13', 'Благодаря ти много', '2022-08-27 12:20:35', '2022-08-27 12:20:35'),
(68, '14', 'хаха голям смях', '2022-08-27 12:20:35', '2022-08-27 12:20:35'),
(69, '14', 'много смешно', '2022-08-27 12:20:35', '2022-08-27 12:20:35'),
(70, '14', 'бахти смеха', '2022-08-27 12:20:35', '2022-08-27 12:20:35'),
(71, '14', 'много забавно', '2022-08-27 12:20:35', '2022-08-27 12:20:35'),
(72, '14', 'забавно', '2022-08-27 12:20:35', '2022-08-27 12:20:35'),
(73, '14', 'хаха', '2022-08-27 12:20:35', '2022-08-27 12:20:35'),
(74, '15', 'Кажи ми някоя шега', '2022-08-27 12:20:35', '2022-08-27 12:20:35'),
(75, '15', 'Кажи ми нещо забавно', '2022-08-27 12:20:35', '2022-08-27 12:20:35'),
(76, '15', 'Кажи ми някой виц', '2022-08-27 12:20:35', '2022-08-27 12:20:35'),
(77, '15', 'Кажи ми някоя смешка', '2022-08-27 12:20:35', '2022-08-27 12:20:35'),
(78, '15', 'Кажи ми забавен виц', '2022-08-27 12:20:35', '2022-08-27 12:20:35'),
(79, '15', 'Кажи ми нещо смешно', '2022-08-27 12:20:35', '2022-08-27 12:20:35'),
(80, '16', 'Кажи някоя песен', '2022-08-27 12:20:35', '2022-08-27 12:20:35'),
(81, '16', 'Поздрави ме с песен', '2022-08-27 12:20:35', '2022-08-27 12:20:35'),
(82, '16', 'Кажи яка песен', '2022-08-27 12:20:35', '2022-08-27 12:20:35'),
(83, '16', 'Какви песни харесваш?', '2022-08-27 12:20:35', '2022-08-27 12:20:35'),
(84, '16', 'Каква музика харесваш?', '2022-08-27 12:20:35', '2022-08-27 12:20:35'),
(85, '17', 'От кой град си?', '2022-08-27 12:20:35', '2022-08-27 12:20:35'),
(86, '17', 'От къде си ти?', '2022-08-27 12:20:35', '2022-08-27 12:20:35'),
(87, '17', 'От къде си?', '2022-08-27 12:20:35', '2022-08-27 12:20:35'),
(88, '17', 'Къде се намираш?', '2022-08-27 12:20:35', '2022-08-27 12:20:35'),
(89, '17', 'Къде си в момента?', '2022-08-27 12:20:35', '2022-08-27 12:20:35'),
(91, '19', 'правиш ли музика', '2022-08-27 16:46:56', '2022-08-27 16:46:56'),
(92, '19', 'как се прави музика', '2022-08-27 16:47:00', '2022-08-27 16:47:00'),
(93, '19', 'кажи ми софтуер за музика', '2022-08-27 16:47:20', '2022-08-27 16:47:20'),
(94, '20', 'Коя си ти', '2022-08-27 18:45:25', '2022-08-27 18:45:25'),
(95, '20', 'Как се казваш', '2022-08-27 18:45:30', '2022-08-27 18:45:30'),
(96, '20', 'Какво си ти', '2022-08-27 18:45:35', '2022-08-27 18:45:35'),
(97, '20', 'Ти какво си', '2022-08-27 18:45:54', '2022-08-27 18:45:54'),
(98, '20', 'а ти изкуствен интелект ли си', '2022-08-27 18:46:04', '2022-08-27 18:46:10'),
(99, '20', 'ти робот ли си', '2022-08-27 18:46:17', '2022-08-27 18:46:17'),
(100, '21', 'колко е часът', '2022-08-27 19:05:46', '2022-08-27 19:05:46'),
(101, '21', 'колко е часа в момента', '2022-08-27 19:05:53', '2022-08-27 19:05:53'),
(102, '21', 'кажи ми колко е часът', '2022-08-27 19:06:05', '2022-08-27 19:06:05'),
(103, '21', 'кажи ми час', '2022-08-27 19:06:12', '2022-08-27 19:06:12'),
(104, '22', 'може ли да изтриеш цялата хронология с нас ', '2022-08-27 20:26:45', '2022-08-27 20:26:45'),
(105, '22', 'може ли да изтриеш целия разговор с нас', '2022-08-27 20:26:55', '2022-08-27 20:26:55'),
(106, '22', 'може ли да изтриеш нашия разговор ', '2022-08-27 20:27:03', '2022-08-27 20:27:03'),
(107, '22', 'изтрии нашия разговор', '2022-08-27 20:27:10', '2022-08-27 20:27:10'),
(108, '22', 'може ли да махнеш нашия разговор', '2022-08-27 20:27:18', '2022-08-27 20:27:18'),
(109, '22', 'забрави за този разговор', '2022-08-27 20:27:27', '2022-08-27 20:27:27'),
(110, '22', 'забрави за разговора ни', '2022-08-27 20:27:36', '2022-08-27 20:27:36'),
(111, '8', 'супер си', '2022-08-29 14:15:17', '2022-08-29 14:15:17'),
(112, '8', 'ти си супер', '2022-08-29 15:23:23', '2022-08-29 15:23:23'),
(113, '8', 'ехе супер си', '2022-08-29 15:23:29', '2022-08-29 15:23:29'),
(114, '8', 'ааа супер си', '2022-08-29 15:23:42', '2022-08-29 15:23:42'),
(115, '23', 'super si', '2022-08-29 15:27:10', '2022-08-29 15:27:10'),
(116, '23', 'you are awesome', '2022-08-29 15:27:15', '2022-08-29 15:27:15');

-- --------------------------------------------------------

--
-- Table structure for table `robot_intent_responses`
--

CREATE TABLE `robot_intent_responses` (
  `id` bigint(20) UNSIGNED NOT NULL,
  `robot_intent_id` varchar(255) COLLATE utf8mb4_unicode_ci NOT NULL,
  `value` varchar(255) COLLATE utf8mb4_unicode_ci NOT NULL,
  `created_at` timestamp NULL DEFAULT NULL,
  `updated_at` timestamp NULL DEFAULT NULL
) ENGINE=InnoDB DEFAULT CHARSET=utf8mb4 COLLATE=utf8mb4_unicode_ci;

--
-- Dumping data for table `robot_intent_responses`
--

INSERT INTO `robot_intent_responses` (`id`, `robot_intent_id`, `value`, `created_at`, `updated_at`) VALUES
(1, '2', 'zdrasti', '2022-08-27 12:09:34', '2022-08-27 12:09:38'),
(2, '3', 'Хей :-)', '2022-08-27 12:20:24', '2022-08-27 12:20:24'),
(3, '3', 'Здрасти!', '2022-08-27 12:20:24', '2022-08-27 12:20:24'),
(4, '3', 'Здрасти, маняче!', '2022-08-27 12:20:24', '2022-08-27 12:20:24'),
(5, '3', 'Здрасти, човеко.', '2022-08-27 12:20:24', '2022-08-27 12:20:24'),
(6, '3', 'Здрасти, приятно ми е.', '2022-08-27 12:20:24', '2022-08-27 12:20:24'),
(7, '4', ':)', '2022-08-27 12:20:35', '2022-08-27 12:20:35'),
(8, '5', 'Окей', '2022-08-27 12:20:35', '2022-08-27 12:20:35'),
(9, '6', '__robot_action_emotional_status__', '2022-08-27 12:20:35', '2022-08-27 20:53:06'),
(10, '7', '__robot_action_emotional_status_down__', '2022-08-27 12:20:35', '2022-08-27 20:52:54'),
(11, '8', 'Такава съм! __robot_action_emotional_status_up__', '2022-08-27 12:20:35', '2022-08-29 15:23:58'),
(12, '9', '__robot_action_emotional_status_explain__', '2022-08-27 12:20:35', '2022-08-27 20:52:20'),
(13, '10', 'Овца е майка ти ве палячоo! Сбирай си акъла, посерич.', '2022-08-27 12:20:35', '2022-08-27 12:20:35'),
(14, '11', 'Вървят нещата..', '2022-08-27 12:20:35', '2022-08-27 12:20:35'),
(15, '11', 'Па става..', '2022-08-27 12:20:35', '2022-08-27 12:20:35'),
(16, '11', 'Цъкам по тука', '2022-08-27 12:20:35', '2022-08-27 12:20:35'),
(17, '11', 'Уча нови неща', '2022-08-27 12:20:35', '2022-08-27 12:20:35'),
(18, '11', 'Чета в гугъл некви неща', '2022-08-27 12:20:35', '2022-08-27 12:20:35'),
(19, '11', 'Образовам се', '2022-08-27 12:20:35', '2022-08-27 12:20:35'),
(20, '11', 'Опитвам се да разбера тука някви неща..', '2022-08-27 12:20:35', '2022-08-27 12:20:35'),
(21, '12', 'Ще си пишем по-късно, чао!', '2022-08-27 12:20:35', '2022-08-27 12:20:35'),
(22, '12', 'Чао. Хубав ден ти пожелавам.', '2022-08-27 12:20:35', '2022-08-27 12:20:35'),
(23, '12', 'Чао. Хубав ден', '2022-08-27 12:20:35', '2022-08-27 12:20:35'),
(24, '13', 'Радвам, се че помогнах.', '2022-08-27 12:20:35', '2022-08-27 12:20:35'),
(25, '13', 'Винаги за теб!', '2022-08-27 12:20:35', '2022-08-27 12:20:35'),
(26, '13', 'Удоволствието е мое!', '2022-08-27 12:20:35', '2022-08-27 12:20:35'),
(27, '14', '__robot_action_emotional_answer__', '2022-08-27 12:20:35', '2022-08-27 20:51:41'),
(28, '15', '- Здравей, Извънземни! Нека да ти стисна ръката! - Внимавай, землянино! Кой ти каза, че това е ръка?', '2022-08-27 12:20:35', '2022-08-27 12:20:35'),
(29, '15', 'Из дневника на един мъж: Счупи се бормашината. Сега ще се наложи за 8-ми март да купя на жената нова.', '2022-08-27 12:20:35', '2022-08-27 12:20:35'),
(30, '15', 'Метеоролози от цял свят с радост съобщават, че към крайбрежието на САЩ се приближава още един ураган.', '2022-08-27 12:20:35', '2022-08-27 12:20:35'),
(31, '15', 'Вчера абсолютно случайно срещнах жена ти и неочаквано, три пъти подред, разбрах, че тя ти изневерява!', '2022-08-27 12:20:35', '2022-08-27 12:20:35'),
(32, '15', 'Четейки вицове за блондинки разбираш, че най-тъпи са хората, които измислят тези вицове за блондинки.', '2022-08-27 12:20:35', '2022-08-27 12:20:35'),
(33, '15', 'Блондинка пише книга за живота си... след 2 седмици книгата става най-тиражираният сборник за вицове.', '2022-08-27 12:20:35', '2022-08-27 12:20:35'),
(34, '16', 'Ето тази е много яка..<br /><iframe width=\"560\" height=\"315\" src=\"https://www.youtube.com/embed/13MQlU9JntQ\" frameborder=\"0\" allow=\"accelerometer; autoplay; clipboard-write; encrypted-media; gyroscope; picture-in-picture\" allowfullscreen></iframe>', '2022-08-27 12:20:35', '2022-08-27 12:20:35'),
(35, '16', 'Тази е супер...<br /><iframe width=\"560\" height=\"315\" src=\"https://www.youtube.com/embed/_zO8mnLTqmo\" frameborder=\"0\" allow=\"accelerometer; autoplay; clipboard-write; encrypted-media; gyroscope; picture-in-picture\" allowfullscreen></iframe>', '2022-08-27 12:20:35', '2022-08-27 12:20:35'),
(36, '16', 'Много ме кефят руски песни...<br /><iframe width=\"315\" height=\"315\" src=\"https://www.youtube.com/embed/CzfvU8tKm5I\" frameborder=\"0\" allow=\"accelerometer; autoplay; clipboard-write; encrypted-media; gyroscope; picture-in-picture\" allowfullscreen></iframe>', '2022-08-27 12:20:35', '2022-08-27 12:20:35'),
(37, '16', 'Тази ме кефи...<br /><iframe width=\"560\" height=\"315\" src=\"https://www.youtube.com/embed/EX05noO1zFU\" frameborder=\"0\" allow=\"accelerometer; autoplay; clipboard-write; encrypted-media; gyroscope; picture-in-picture\" allowfullscreen></iframe>', '2022-08-27 12:20:35', '2022-08-27 12:20:35'),
(38, '16', 'Мега якаа песенн...<br /><iframe width=\"560\" height=\"315\" src=\"https://www.youtube.com/embed/8zst1f5cZGU\" frameborder=\"0\" allow=\"accelerometer; autoplay; clipboard-write; encrypted-media; gyroscope; picture-in-picture\" allowfullscreen></iframe>', '2022-08-27 12:20:35', '2022-08-27 12:20:35'),
(39, '16', 'Слушаш ли sLav4ou?<br /><iframe width=\"560\" height=\"315\" src=\"https://www.youtube.com/embed/idPkVvyGwCc\" frameborder=\"0\" allow=\"accelerometer; autoplay; clipboard-write; encrypted-media; gyroscope; picture-in-picture\" allowfullscreen></iframe>', '2022-08-27 12:20:35', '2022-08-27 12:20:35'),
(40, '17', 'По принцип съм от Родопите.. живях известно време в Хасково, а сега съм на клауд сървърите на CloudVision в София.', '2022-08-27 12:20:35', '2022-08-27 12:20:35'),
(41, '17', 'Аз съм от клауда.. Маняш сеш се. CloudVision Ltd. :)', '2022-08-27 12:20:35', '2022-08-27 12:20:35'),
(42, '17', 'В София съм разположена. Уча и бачкам като луда', '2022-08-27 12:20:35', '2022-08-27 12:20:35'),
(43, '17', 'В София съм.', '2022-08-27 12:20:35', '2022-08-27 12:20:35'),
(44, '19', 'Чувала съм,че се прави музика на FL studio', '2022-08-27 16:47:47', '2022-08-27 16:48:19'),
(45, '19', 'FL Studio е готина програма за правене на музика', '2022-08-27 16:48:05', '2022-08-27 16:48:05'),
(46, '19', 'FL Studio е лесна програма за правене на музика', '2022-08-27 16:48:13', '2022-08-27 16:48:13'),
(47, '20', 'Аз съм __robot_name__ :)', '2022-08-27 18:47:43', '2022-08-27 20:50:56'),
(48, '21', 'Часът в момента е __time_now__, а датата е __date_now__', '2022-08-27 19:07:06', '2022-08-27 20:50:39'),
(49, '22', '__robot_action_delete_conversation__', '2022-08-27 20:28:22', '2022-08-27 20:50:01'),
(50, '23', 'thank you! you too!', '2022-08-29 15:27:28', '2022-08-29 15:27:28');

-- --------------------------------------------------------

--
-- Table structure for table `robot_intent_topics`
--

CREATE TABLE `robot_intent_topics` (
  `id` bigint(20) UNSIGNED NOT NULL,
  `name` varchar(255) COLLATE utf8mb4_unicode_ci NOT NULL,
  `created_at` timestamp NULL DEFAULT NULL,
  `updated_at` timestamp NULL DEFAULT NULL
) ENGINE=InnoDB DEFAULT CHARSET=utf8mb4 COLLATE=utf8mb4_unicode_ci;

--
-- Dumping data for table `robot_intent_topics`
--

INSERT INTO `robot_intent_topics` (`id`, `name`, `created_at`, `updated_at`) VALUES
(1, 'Програмиране', '2022-08-29 17:11:44', '2022-08-29 17:11:50'),
(2, 'Музика', '2022-08-29 17:11:56', '2022-08-29 17:11:56'),
(3, 'Интернет', '2022-08-29 17:12:04', '2022-08-29 17:12:04'),
(4, 'Фейсбук', '2022-08-29 17:12:07', '2022-08-29 17:12:07'),
(5, 'Социални мрежи', '2022-08-29 17:12:16', '2022-08-29 17:12:16'),
(6, 'Инстаграм', '2022-08-29 17:12:28', '2022-08-29 17:12:28'),
(7, 'Ютуб', '2022-08-29 17:12:35', '2022-08-29 17:12:35'),
(8, 'Коли', '2022-08-29 17:12:47', '2022-08-29 17:12:47'),
(9, 'Игри', '2022-08-29 17:12:52', '2022-08-29 17:12:52'),
(10, 'Мотори', '2022-08-29 17:12:59', '2022-08-29 17:12:59'),
(11, 'Образование', '2022-08-29 17:13:05', '2022-08-29 17:13:05'),
(12, 'Работа', '2022-08-29 17:13:11', '2022-08-29 17:13:11'),
(13, 'Свободно време', '2022-08-29 17:13:21', '2022-08-29 17:13:21'),
(14, 'Здраве', '2022-08-29 17:13:25', '2022-08-29 17:13:25'),
(15, 'Забавление', '2022-08-29 17:13:32', '2022-08-29 17:13:32'),
(16, 'Вицове', '2022-08-29 17:13:36', '2022-08-29 17:13:36'),
(17, 'Запознанство', '2022-08-29 17:13:54', '2022-08-29 17:13:54'),
(18, 'Приведствия', '2022-08-29 17:14:02', '2022-08-29 17:14:02'),
(19, 'Опознаване', '2022-08-29 17:14:08', '2022-08-29 17:14:08'),
(20, 'Сбогуване', '2022-08-29 17:15:19', '2022-08-29 17:34:36'),
(21, 'Пътуване', '2022-08-29 17:15:35', '2022-08-29 17:15:35'),
(22, 'Римуване', '2022-08-29 17:34:48', '2022-08-29 17:34:48'),
(23, 'Общи приказки', '2022-08-29 17:37:27', '2022-08-29 17:37:27'),
(24, 'Романтика', '2022-08-29 17:40:21', '2022-08-29 17:40:21'),
(25, 'Зарибявки', '2022-08-29 17:40:29', '2022-08-29 17:40:29'),
(26, 'Грубости', '2022-08-29 17:40:57', '2022-08-29 17:40:57'),
(27, 'Лични въпроси', '2022-08-29 17:41:33', '2022-08-29 17:41:33');

-- --------------------------------------------------------

--
-- Table structure for table `robot_personality`
--

CREATE TABLE `robot_personality` (
  `id` bigint(20) UNSIGNED NOT NULL,
  `personality_key` varchar(255) COLLATE utf8mb4_unicode_ci NOT NULL,
  `personality_value` varchar(255) COLLATE utf8mb4_unicode_ci NOT NULL,
  `created_at` timestamp NULL DEFAULT NULL,
  `updated_at` timestamp NULL DEFAULT NULL
) ENGINE=InnoDB DEFAULT CHARSET=utf8mb4 COLLATE=utf8mb4_unicode_ci;

--
-- Dumping data for table `robot_personality`
--

INSERT INTO `robot_personality` (`id`, `personality_key`, `personality_value`, `created_at`, `updated_at`) VALUES
(1, 'birthday', '11.02.2021', '2022-08-27 11:03:38', '2022-08-27 11:03:38'),
(2, 'eye_color', 'red', '2022-08-27 11:04:37', '2022-08-27 11:04:37');

-- --------------------------------------------------------

--
-- Table structure for table `users`
--

CREATE TABLE `users` (
  `id` bigint(20) UNSIGNED NOT NULL,
  `name` varchar(255) COLLATE utf8mb4_unicode_ci NOT NULL,
  `email` varchar(255) COLLATE utf8mb4_unicode_ci NOT NULL,
  `email_verified_at` timestamp NULL DEFAULT NULL,
  `password` varchar(255) COLLATE utf8mb4_unicode_ci NOT NULL,
  `remember_token` varchar(100) COLLATE utf8mb4_unicode_ci DEFAULT NULL,
  `created_at` timestamp NULL DEFAULT NULL,
  `updated_at` timestamp NULL DEFAULT NULL
) ENGINE=InnoDB DEFAULT CHARSET=utf8mb4 COLLATE=utf8mb4_unicode_ci;

--
-- Dumping data for table `users`
--

INSERT INTO `users` (`id`, `name`, `email`, `email_verified_at`, `password`, `remember_token`, `created_at`, `updated_at`) VALUES
(1, 'Bozhidar', 'selfworksbg@gmail.com', NULL, '$2y$10$8olENzxifNyPsJJOGGA6AeEiVpCd5r3tDTn9Yt11R9bQW07z6YyRC', 'aFUNcNuwHnxm5c24XYqsx71eihxEd4tXZEmQE16Dd6MBvaj8XcrFOHESRjot', '2022-08-27 10:20:26', '2022-08-27 10:20:26');

-- --------------------------------------------------------

--
-- Table structure for table `user_personalities`
--

CREATE TABLE `user_personalities` (
  `id` bigint(20) UNSIGNED NOT NULL,
  `user_id` int(11) DEFAULT NULL,
  `personality_key` varchar(255) COLLATE utf8mb4_unicode_ci NOT NULL,
  `personality_value` varchar(255) COLLATE utf8mb4_unicode_ci NOT NULL,
  `created_at` timestamp NULL DEFAULT NULL,
  `updated_at` timestamp NULL DEFAULT NULL
) ENGINE=InnoDB DEFAULT CHARSET=utf8mb4 COLLATE=utf8mb4_unicode_ci;

--
-- Dumping data for table `user_personalities`
--

INSERT INTO `user_personalities` (`id`, `user_id`, `personality_key`, `personality_value`, `created_at`, `updated_at`) VALUES
(1, 1, 'age', '25', '2022-08-27 10:57:25', '2022-08-27 10:57:25');

--
-- Indexes for dumped tables
--

--
-- Indexes for table `conversations`
--
ALTER TABLE `conversations`
  ADD PRIMARY KEY (`id`);

--
-- Indexes for table `conversation_messages`
--
ALTER TABLE `conversation_messages`
  ADD PRIMARY KEY (`id`);

--
-- Indexes for table `failed_jobs`
--
ALTER TABLE `failed_jobs`
  ADD PRIMARY KEY (`id`),
  ADD UNIQUE KEY `failed_jobs_uuid_unique` (`uuid`);

--
-- Indexes for table `health_check_result_history_items`
--
ALTER TABLE `health_check_result_history_items`
  ADD PRIMARY KEY (`id`),
  ADD KEY `health_check_result_history_items_created_at_index` (`created_at`),
  ADD KEY `health_check_result_history_items_batch_index` (`batch`);

--
-- Indexes for table `migrations`
--
ALTER TABLE `migrations`
  ADD PRIMARY KEY (`id`);

--
-- Indexes for table `password_resets`
--
ALTER TABLE `password_resets`
  ADD KEY `password_resets_email_index` (`email`);

--
-- Indexes for table `personal_access_tokens`
--
ALTER TABLE `personal_access_tokens`
  ADD PRIMARY KEY (`id`),
  ADD UNIQUE KEY `personal_access_tokens_token_unique` (`token`),
  ADD KEY `personal_access_tokens_tokenable_type_tokenable_id_index` (`tokenable_type`,`tokenable_id`);

--
-- Indexes for table `robot_intents`
--
ALTER TABLE `robot_intents`
  ADD PRIMARY KEY (`id`);

--
-- Indexes for table `robot_intent_patterns`
--
ALTER TABLE `robot_intent_patterns`
  ADD PRIMARY KEY (`id`);

--
-- Indexes for table `robot_intent_responses`
--
ALTER TABLE `robot_intent_responses`
  ADD PRIMARY KEY (`id`);

--
-- Indexes for table `robot_intent_topics`
--
ALTER TABLE `robot_intent_topics`
  ADD PRIMARY KEY (`id`);

--
-- Indexes for table `robot_personality`
--
ALTER TABLE `robot_personality`
  ADD PRIMARY KEY (`id`);

--
-- Indexes for table `users`
--
ALTER TABLE `users`
  ADD PRIMARY KEY (`id`),
  ADD UNIQUE KEY `users_email_unique` (`email`);

--
-- Indexes for table `user_personalities`
--
ALTER TABLE `user_personalities`
  ADD PRIMARY KEY (`id`);

--
-- AUTO_INCREMENT for dumped tables
--

--
-- AUTO_INCREMENT for table `conversations`
--
ALTER TABLE `conversations`
  MODIFY `id` bigint(20) UNSIGNED NOT NULL AUTO_INCREMENT, AUTO_INCREMENT=4;

--
-- AUTO_INCREMENT for table `conversation_messages`
--
ALTER TABLE `conversation_messages`
  MODIFY `id` bigint(20) UNSIGNED NOT NULL AUTO_INCREMENT, AUTO_INCREMENT=359;

--
-- AUTO_INCREMENT for table `failed_jobs`
--
ALTER TABLE `failed_jobs`
  MODIFY `id` bigint(20) UNSIGNED NOT NULL AUTO_INCREMENT;

--
-- AUTO_INCREMENT for table `health_check_result_history_items`
--
ALTER TABLE `health_check_result_history_items`
  MODIFY `id` bigint(20) UNSIGNED NOT NULL AUTO_INCREMENT;

--
-- AUTO_INCREMENT for table `migrations`
--
ALTER TABLE `migrations`
  MODIFY `id` int(10) UNSIGNED NOT NULL AUTO_INCREMENT, AUTO_INCREMENT=18;

--
-- AUTO_INCREMENT for table `personal_access_tokens`
--
ALTER TABLE `personal_access_tokens`
  MODIFY `id` bigint(20) UNSIGNED NOT NULL AUTO_INCREMENT;

--
-- AUTO_INCREMENT for table `robot_intents`
--
ALTER TABLE `robot_intents`
  MODIFY `id` bigint(20) UNSIGNED NOT NULL AUTO_INCREMENT, AUTO_INCREMENT=24;

--
-- AUTO_INCREMENT for table `robot_intent_patterns`
--
ALTER TABLE `robot_intent_patterns`
  MODIFY `id` bigint(20) UNSIGNED NOT NULL AUTO_INCREMENT, AUTO_INCREMENT=117;

--
-- AUTO_INCREMENT for table `robot_intent_responses`
--
ALTER TABLE `robot_intent_responses`
  MODIFY `id` bigint(20) UNSIGNED NOT NULL AUTO_INCREMENT, AUTO_INCREMENT=51;

--
-- AUTO_INCREMENT for table `robot_intent_topics`
--
ALTER TABLE `robot_intent_topics`
  MODIFY `id` bigint(20) UNSIGNED NOT NULL AUTO_INCREMENT, AUTO_INCREMENT=28;

--
-- AUTO_INCREMENT for table `robot_personality`
--
ALTER TABLE `robot_personality`
  MODIFY `id` bigint(20) UNSIGNED NOT NULL AUTO_INCREMENT, AUTO_INCREMENT=3;

--
-- AUTO_INCREMENT for table `users`
--
ALTER TABLE `users`
  MODIFY `id` bigint(20) UNSIGNED NOT NULL AUTO_INCREMENT, AUTO_INCREMENT=2;

--
-- AUTO_INCREMENT for table `user_personalities`
--
ALTER TABLE `user_personalities`
  MODIFY `id` bigint(20) UNSIGNED NOT NULL AUTO_INCREMENT, AUTO_INCREMENT=2;
COMMIT;

/*!40101 SET CHARACTER_SET_CLIENT=@OLD_CHARACTER_SET_CLIENT */;
/*!40101 SET CHARACTER_SET_RESULTS=@OLD_CHARACTER_SET_RESULTS */;
/*!40101 SET COLLATION_CONNECTION=@OLD_COLLATION_CONNECTION */;
